216,220,224,228,232,236,240,242,244,246,248,250,252,254,256,258,260,262,264,266,268,270,272,272,272,272,272,272,272,272,272,272,272,272,272,272,272,272,272,272,272,272,272,272,272,272,272,272,272,272,272,272,272,272,272,272,272,272,272,272,272,272,272,272,272,272,272,272,272,272,272,272,272,272,272,272,272,272,272,274,276,278,280,282,284,286,288,290,292,294,296,300,304,308,312,316,320,324,328,332,336,342,348,354,360,366,372,378,384,392,396,404,414,422,430,436,446,454,462,470,478,488,498,510,520,530,540,550,560,570,582,592,602,612,624,636,648,662,674,686,698,710,722,734,746,760,772,786,800,814,828,842,858,872,886,900,914,928,942,956,974,990,1006,1022,1038,1054,1070,1086,1102,1120,1136,1152,1170,1188,1206,1224,1242,1260,1280,1298,1316,1334,1352,1370,1388,1408,1428,1448,1468,1488,1508,1528,1548,1568,1588,1606,1626,1646,1666,1686,1706,1726,1746,1766,1786,1804,1824,1844,1864,1884,1904,1926,1946,1968,1988,2006,2026,2046,2066,2086,2106,2126,2146,2164,2184,2204,2224,2242,2262,2282,2300,2320,2340,2360,2378,2398,2418,2436,2456,2476,2494,2514,2532,2550,2566,2584,2602,2618,2636,2654,2672,2688,2706,2724,2740,2758,2776,2794,2810,2828,2846,2862,2880,2898,2916,2932,2950,2968,2984,3002,3020,3038,3054,3072,3088,3102,3118,3134,3150,3164,3180,3196,3212,3226,3242,3258,3272,3286,3300,3312,3326,3340,3354,3366,3378,3390,3400,3412,3424,3434,3442,3452,3462,3472,3480,3486,3494,3502,3508,3514,3520,3526,3532,3536,3540,3542,3544,3548,3548,3548,3548,3546,3546,3544,3542,3538,3534,3530,3524,3518,3510,3504,3496,3486,3476,3468,3456,3444,3434,3420,3406,3394,3378,3364,3348,3332,3314,3298,3278,3260,3240,3220,3198,3178,3156,3134,3110,3088,3064,3040,3014,2990,2964,2938,2912,2884,2856,2830,2802,2774,2746,2716,2686,2658,2628,2598,2568,2538,2510,2480,2450,2420,2390,2360,2330,2300,2270,2240,2210,2180,2150,2120,2090,2060,2030,2002,1974,1946,1918,1888,1860,1832,1806,1780,1754,1728,1702,1676,1650,1626,1602,1578,1554,1532,1510,1488,1464,1442,1422,1402,1382,1362,1342,1324,1306,1288,1268,1252,1236,1220,1204,1188,1174,1160,1144,1130,1116,1104,1092,1080,1068,1056,1044,1034,1024,1014,1004,994,984,976,968,960,952,944,938,930,924,918,912,906,900,896,892,886,882,878,874,870,866,864,862,858,856,854,852,850,848,846,846,846,846,846,846,846,846,846,846,846,846,846,848,850,852,854,856,858,860,862,864,866,868,870,872,874,876,878,880,882,884,886,888,890,892,894,896,900,904,908,912,916,920,924,928,932,936,940,946,948,954,958,962,966,970,974,978,984,986,992,996,1000,1004,1008,1012,1016,1020,1024,1028,1034,1038,1042,1046,1050,1054,1058,1062,1066,1070,1074,1078,1084,1088,1094,1098,1102,1106,1110,1114,1118,1122,1126,1130,1134,1140,1142,1146,1150,1154,1158,1162,1166,1170,1174,1178,1182,1186,1190,1194,1198,1202,1206,1210,1214,1218,1222,1226,1230,1234,1238,1242,1246,1250,1254,1258,1260,1262,1264,1266,1268,1270,1272,1274,1276,1278,1280,1282,1284,1286,1288,1290,1292,1292,1294,1296,1296,1296,1296,1296,1296,1296,1296,1296,1296,1296,1294,1294,1294,1294,1292,1290,1288,1286,1284,1282,1278,1276,1274,1272,1270,1268,1264,1260,1256,1252,1248,1244,1240,1236,1232,1226,1224,1218,1212,1206,1200,1192,1186,1182,1176,1170,1162,1156,1150,1144,1138,1130,1122,1114,1106,1098,1090,1082,1074,1066,1058,1050,1042,1034,1026,1018,1010,1002,994,986,978,970,962,954,946,938,930,920,912,904,894,886,876,868,860,852,844,836,828,820,812,804,796,788,780,772,764,756,748,740,732,724,716,708,700,692,684,676,670,662,654,646,638,630,624,618,612,606,600,594,588,582,576,570,564,558,552,546,540,534,530,526,522,518,514,510,506,502,498,494,490,486,482,478,474,472,468,466,464,462,460,458,456,454,452,450,448,446,444,442,440,438,436,434,432,430,428,426,426,426,426,426,426,426,426,426,426,426,426,426,426,426,426,426,426,426,426,426,426,426,426,426,426,426,426,426,426,426,426,426,426,426,426,426
172,174,176,178,180,182,184,186,188,190,192,194,196,198,200,200,200,200,200,200,200,200,200,200,200,200,200,200,200,200,200,200,200,200,200,200,200,200,200,200,198,198,198,196,196,194,192,192,192,192,192,192,192,192,192,192,192,192,192,192,192,192,192,192,192,192,194,196,198,200,202,204,206,208,210,214,218,222,226,230,234,238,244,250,256,262,268,274,282,290,298,306,316,328,338,348,358,370,382,394,408,422,436,450,464,480,496,512,530,548,566,584,604,624,644,664,686,708,732,754,778,802,826,850,876,902,928,956,984,1012,1040,1070,1100,1132,1162,1192,1224,1256,1288,1320,1354,1388,1422,1456,1492,1528,1564,1600,1636,1672,1710,1748,1786,1824,1862,1902,1942,1982,2022,2064,2104,2146,2188,2230,2274,2316,2358,2400,2444,2488,2532,2576,2620,2664,2708,2754,2800,2846,2892,2938,2984,3028,3074,3120,3168,3216,3264,3312,3360,3408,3456,3504,3552,3600,3650,3700,3750,3800,3850,3900,3950,4000,4048,4098,4148,4198,4248,4298,4346,4396,4446,4496,4544,4594,4644,4694,4744,4794,4844,4894,4944,4996,5046,5098,5150,5200,5252,5302,5352,5400,5450,5498,5548,5596,5646,5694,5744,5792,5838,5886,5932,5978,6026,6070,6114,6160,6204,6248,6290,6332,6376,6416,6458,6498,6538,6578,6616,6654,6690,6728,6764,6798,6834,6868,6902,6932,6964,6996,7026,7056,7084,7112,7138,7164,7188,7214,7236,7258,7278,7300,7318,7336,7354,7370,7384,7400,7412,7424,7436,7446,7454,7464,7470,7474,7478,7482,7484,7484,7484,7482,7482,7478,7472,7466,7458,7452,7442,7432,7420,7410,7396,7382,7366,7350,7332,7316,7296,7276,7254,7232,7208,7182,7156,7130,7102,7074,7044,7014,6984,6950,6918,6882,6848,6812,6774,6738,6698,6660,6618,6578,6534,6492,6448,6402,6358,6310,6264,6216,6168,6118,6068,6016,5966,5912,5860,5808,5752,5698,5644,5588,5532,5476,5422,5368,5312,5256,5198,5142,5086,5030,4974,4916,4856,4798,4740,4680,4622,4564,4504,4446,4388,4330,4270,4212,4152,4092,4032,3972,3910,3850,3790,3732,3672,3612,3554,3494,3434,3376,3316,3256,3196,3138,3080,3022,2964,2906,2848,2792,2736,2680,2624,2568,2516,2462,2408,2354,2302,2250,2198,2146,2096,2046,1996,1948,1900,1852,1806,1760,1714,1668,1624,1580,1536,1494,1450,1408,1368,1328,1288,1250,1212,1176,1140,1104,1070,1036,1002,970,938,906,874,844,816,790,762,736,712,686,662,640,616,594,574,552,532,512,496,478,460,442,426,410,394,382,368,354,342,330,318,306,296,286,276,266,258,250,242,234,228,222,216,210,204,200,196,194,190,186,182,178,176,174,172,170,168,164,162,162,162,162,162,162,162,162,162,162,162,162,164,166,168,170,172,174,176,178,180,182,182,184,186,188,190,192,194,198,202,206,210,214,218,222,226,230,234,238,242,246,250,254,258,260,264,268,272,276,280,284,288,292,296,300,304,308,312,314,318,322,326,330,334,338,342,346,350,354,358,362,366,370,374,378,382,388,394,400,406,412,418,424,430,434,440,446,452,458,464,470,476,482,488,494,500,506,512,518,524,530,536,542,548,554,560,566,572,578,584,590,596,602,608,616,622,628,632,638,646,652,658,666,672,680,686,692,700,708,714,722,728,736,744,752,758,766,774,780,786,792,798,804,810,816,822,828,832,838,844,850,856,862,868,874,880,886,892,898,904,910,916,922,928,934,940,946,952,958,964,970,976,982,988,994,1000,1006,1012,1016,1020,1024,1028,1030,1034,1038,1042,1046,1050,1054,1058,1062,1066,1070,1074,1078,1080,1082,1084,1086,1088,1090,1092,1094,1096,1098,1100,1102,1104,1106,1106,1106,1106,1106,1106,1106,1106,1106,1106,1106,1106,1106,1106,1106,1106,1106,1106,1106,1106,1106,1106,1106,1108,1108,1108,1106,1104,1102,1100,1100,1098,1096,1094,1092,1090,1088,1086,1086,1084,1082,1080,1078,1076,1074,1072,1070,1070,1070,1070,1070,1070,1070,1072,1072,1072,1072,1072,1072,1072,1072,1072,1072,1072,1072,1072,1072,1072,1072,1072,1074,1076,1078,1080,1082,1084,1086,1088,1090,1092,1094,1096,1098,1100,1102,1104,1106,1108,1112,1114,1116,1118,1120,1122,1124,1126,1128,1130,1132,1134,1136,1138,1140,1140,1142,1144,1146,1146,1148,1148,1148,1150
176,180,184,188,192,196,198,202,206,210,214,218,222,226,230,234,238,242,246,250,254,258,262,266,270,274,278,282,286,290,294,298,300,304,308,312,316,320,324,328,332,336,340,344,348,352,356,360,364,368,374,378,382,386,390,394,398,402,406,410,414,418,422,426,430,434,438,442,446,450,454,458,462,466,472,478,484,490,496,502,508,514,520,526,532,538,544,550,556,562,568,576,584,592,600,608,616,626,634,642,650,658,666,674,684,694,704,714,724,734,744,756,766,776,786,798,810,822,836,848,860,872,884,898,912,928,942,956,970,984,1000,1016,1032,1050,1066,1084,1102,1120,1138,1158,1178,1200,1220,1242,1266,1288,1310,1334,1360,1384,1410,1438,1464,1490,1518,1548,1576,1606,1636,1668,1700,1732,1766,1800,1836,1872,1908,1944,1984,2022,2060,2100,2140,2180,2222,2264,2306,2350,2394,2438,2484,2530,2576,2624,2672,2718,2766,2814,2864,2912,2962,3012,3062,3110,3160,3212,3264,3314,3366,3418,3470,3520,3572,3622,3674,3726,3776,3826,3874,3924,3972,4022,4068,4116,4164,4210,4256,4300,4346,4390,4434,4476,4520,4560,4600,4640,4678,4716,4752,4788,4824,4858,4890,4924,4954,4984,5012,5042,5068,5092,5118,5140,5162,5182,5204,5222,5238,5256,5270,5284,5298,5308,5318,5328,5336,5342,5350,5354,5358,5360,5362,5362,5360,5358,5354,5350,5344,5338,5330,5322,5312,5302,5290,5276,5262,5248,5232,5214,5198,5178,5158,5136,5114,5092,5068,5042,5016,4988,4960,4930,4902,4872,4840,4810,4776,4742,4710,4674,4640,4604,4566,4530,4492,4454,4414,4374,4334,4292,4252,4210,4166,4124,4080,4038,3994,3950,3906,3860,3816,3770,3726,3680,3636,3590,3546,3500,3454,3410,3364,3320,3274,3230,3184,3138,3094,3048,3004,2958,2914,2868,2824,2782,2738,2696,2652,2608,2566,2524,2484,2442,2400,2360,2320,2282,2242,2202,2166,2128,2090,2054,2018,1982,1946,1910,1878,1844,1810,1776,1744,1712,1682,1652,1622,1592,1564,1536,1508,1482,1456,1430,1404,1380,1356,1332,1308,1288,1266,1244,1222,1202,1182,1162,1144,1126,1108,1090,1074,1056,1040,1024,1010,996,982,968,954,940,928,916,904,892,880,870,858,848,838,828,818,810,802,792,784,776,768,760,752,742,734,728,722,716,710,704,696,690,684,678,672,666,658,652,646,640,634,626,620,614,608,602,596,588,582,576,570,564,558,550,544,540,534,528,522,514,510,504,498,492,488,480,474,468,462,456,452,446,440,434,428,422,418,412,408,404,400,396,392,388,384,382,378,374,370,366,362,358,354,350,346,342,338,334,330,326,322,318,314,310,306,302,298,294,290,286,282,278,274,270,266,262,258,256,254,252,250,248,246,244,242,240,238,236,234,232,230,228,226,224,222,220,218,216,214,212,210,210,210,210,210,210,210,210,210,210,210,210,210,210,210,210,210,210,210,212,214,216,218,220,222,224,226,228,230,232,234,236,238,240,242,244,248,252,256,260,264,268,272,276,280,284,288,292,296,300,304,308,312,316,322,328,334,340,346,352,358,364,370,376,382,388,392,398,404,410,416,422,428,434,440,446,452,458,464,470,476,482,486,492,498,504,510,518,524,532,538,546,554,562,570,578,586,592,600,608,616,624,632,640,648,656,664,672,678,686,694,702,710,716,722,728,734,740,746,752,758,764,770,776,782,788,794,800,806,812,818,824,828,832,836,840,844,848,852,856,860,864,868,872,874,876,878,880,882,884,886,888,890,892,892,892,892,892,892,892,892,892,892,890,888,886,884,882,880,878,876,874,870,866,862,858,854,850,846,842,838,834,830,828,822,816,810,804,798,792,786,780,774,768,762,756,750,744,738,732,726,720,714,708,702,696,690,684,678,672,666,660,654,648,642,636,630,626,620,614,608,602,596,590,584,578,572,566,560,554,548,542,536,530,526,522,518,514,510,506,502,498,494,490,486,482,478,474,470,468,466,464,462,460,458,456,454,452,450,448,446,444,442,442,442,442,442,442,442,442,442,442,442,442,442,442,442,442,442,442,442,442,442,442,442
1960,2018,2076,2134,2194,2254,2314,2374,2436,2498,2560,2620,2682,2744,2808,2872,2934,2998,3062,3126,3190,3252,3316,3380,3440,3502,3564,3624,3686,3748,3806,3866,3926,3986,4042,4100,4156,4212,4268,4322,4376,4428,4480,4530,4580,4628,4676,4722,4768,4814,4856,4900,4940,4982,5020,5060,5100,5136,5172,5206,5240,5274,5306,5336,5366,5394,5422,5446,5472,5494,5518,5538,5558,5576,5594,5608,5624,5638,5650,5662,5672,5682,5688,5696,5700,5706,5710,5712,5714,5714,5714,5710,5706,5702,5696,5688,5682,5672,5662,5652,5640,5630,5616,5602,5588,5572,5556,5538,5520,5502,5484,5464,5444,5424,5400,5378,5356,5332,5308,5284,5260,5234,5210,5186,5160,5132,5106,5080,5054,5028,5002,4976,4950,4924,4896,4870,4844,4818,4792,4766,4740,4714,4688,4662,4636,4610,4584,4560,4534,4510,4486,4462,4438,4414,4392,4372,4350,4328,4306,4286,4266,4246,4226,4208,4190,4174,4156,4140,4124,4106,4090,4076,4062,4048,4036,4024,4012,4000,3990,3980,3972,3964,3956,3946,3940,3934,3928,3924,3920,3914,3910,3908,3906,3904,3904,3902,3902,3902,3904,3906,3906,3908,3912,3916,3918,3922,3928,3934,3940,3944,3952,3960,3968,3974,3982,3992,4002,4010,4020,4030,4040,4052,4062,4074,4086,4098,4108,4120,4134,4148,4162,4176,4190,4204,4218,4232,4246,4262,4274,4288,4302,4316,4330,4344,4358,4374,4388,4404,4418,4432,4446,4460,4472,4486,4500,4514,4528,4542,4556,4570,4584,4596,4610,4624,4638,4652,4664,4678,4692,4706,4718,4730,4742,4754,4768,4780,4792,4804,4816,4828,4838,4850,4860,4870,4880,4890,4900,4910,4922,4932,4940,4948,4956,4964,4974,4982,4990,4996,5002,5008,5016,5022,5028,5032,5036,5040,5044,5048,5052,5054,5056,5058,5060,5062,5062,5062,5062,5060,5058,5056,5054,5052,5048,5042,5038,5034,5028,5022,5016,5006,4998,4990,4980,4970,4958,4944,4932,4918,4902,4888,4872,4856,4838,4820,4800,4780,4758,4738,4716,4692,4670,4646,4622,4596,4568,4542,4514,4484,4456,4426,4394,4364,4330,4298,4266,4230,4194,4160,4122,4084,4048,4010,3972,3932,3892,3852,3810,3770,3728,3686,3644,3600,3558,3514,3472,3426,3380,3336,3290,3244,3198,3154,3108,3062,3016,2970,2924,2876,2828,2780,2734,2686,2638,2590,2546,2500,2454,2408,2364,2318,2272,2226,2180,2136,2092,2050,2006,1962,1918,1876,1834,1792,1750,1710,1670,1630,1590,1552,1514,1476,1438,1402,1366,1330,1296,1262,1228,1196,1164,1132,1100,1070,1040,1010,982,954,928,902,876,852,828,804,782,758,736,716,696,676,658,640,622,606,590,576,562,548,536,526,514,504,494,486,476,468,460,452,446,442,436,432,428,424,420,418,416,414,412,412,412,412,412,414,416,418,420,422,424,428,432,436,440,444,448,454,460,466,472,478,484,490,496,504,512,520,528,536,544,550,558,566,574,582,590,600,610,620,630,640,650,660,670,680,690,700,710,720,730,740,748,758,768,778,788,798,808,818,828,838,848,858,868,878,888,898,908,918,928,938,946,956,966,976,986,996,1006,1016,1026,1034,1042,1050,1058,1066,1074,1082,1090,1098,1106,1114,1122,1130,1138,1142,1150,1156,1162,1168,1174,1180,1186,1192,1198,1202,1206,1210,1214,1218,1222,1224,1228,1232,1234,1236,1238,1240,1242,1244,1246,1248,1250,1252,1254,1254,1254,1254,1254,1254,1254,1254,1254,1254,1252,1250,1248,1246,1242,1240,1238,1236,1234,1232,1228,1224,1220,1216,1212,1208,1204,1198,1194,1190,1186,1182,1176,1170,1164,1158,1152,1146,1140,1134,1128,1122,1116,1110,1104,1098,1090,1082,1074,1066,1060,1052,1044,1036,1028,1020,1012,1004,996,988,980,972,964,956,948,940,932,924,916,908,900,890,880,870,862,852,842,832,822,812,802,792,782,772,762,752,742,732,722,712,704,694,684,674,664,654,644,634,624,614,604,596,588,580,572,564,556,548,540,532,524,516,510,502,494,488,482,476,470,464,458,452,446,440,434,428,424,420,416,412,408,404,400,396,392,388,384,380,378,376,374,372,370,368,366,364,362,360,358,356,354,352,350,348,348,348,348,348,348,348,348,348,348,348,348,348,348,348,348,348,348,348,348,348,348,348,348,348,348,348,348,348,348,348,348,348,348,348,350,350,350,350,350,350,350,352,352,352,352,352,352,354,354,354,354,354,354,354,354,354,354,356,356,356,356,356,356
408,432,458,484,510,538,566,594,624,654,682,714,746,780,814,848,882,918,954,992,1030,1068,1108,1148,1190,1232,1274,1318,1362,1408,1454,1498,1546,1594,1644,1692,1742,1794,1844,1896,1948,2002,2054,2110,2164,2220,2276,2334,2390,2450,2508,2568,2626,2688,2748,2810,2870,2932,2996,3058,3120,3182,3246,3308,3374,3440,3506,3572,3638,3704,3772,3838,3904,3970,4038,4102,4166,4230,4296,4360,4424,4488,4550,4612,4674,4736,4796,4856,4916,4974,5032,5090,5146,5204,5260,5314,5368,5422,5474,5526,5578,5628,5678,5726,5774,5822,5870,5916,5962,6008,6050,6094,6138,6180,6222,6262,6302,6342,6382,6420,6456,6494,6530,6566,6602,6634,6668,6702,6734,6766,6798,6826,6856,6886,6916,6944,6972,7000,7026,7052,7078,7102,7128,7152,7174,7196,7218,7242,7262,7282,7304,7322,7340,7360,7376,7392,7410,7424,7438,7452,7468,7480,7492,7506,7518,7528,7538,7548,7558,7566,7572,7580,7586,7592,7598,7602,7606,7610,7610,7612,7612,7612,7610,7608,7602,7598,7592,7586,7578,7568,7558,7548,7536,7524,7510,7494,7478,7458,7440,7420,7398,7376,7352,7326,7300,7272,7244,7214,7184,7152,7118,7084,7048,7012,6974,6936,6896,6856,6814,6770,6726,6682,6636,6590,6542,6492,6444,6392,6342,6290,6236,6184,6130,6076,6020,5966,5908,5852,5794,5738,5678,5620,5562,5502,5444,5386,5324,5264,5204,5144,5084,5022,4962,4902,4842,4784,4724,4666,4606,4548,4488,4430,4370,4312,4252,4194,4136,4080,4022,3964,3908,3850,3794,3738,3684,3628,3572,3518,3464,3410,3356,3304,3252,3200,3148,3098,3046,2996,2946,2898,2850,2802,2754,2708,2662,2616,2570,2526,2482,2438,2394,2352,2312,2270,2228,2188,2148,2110,2072,2034,1996,1958,1924,1888,1852,1818,1784,1750,1718,1686,1654,1622,1590,1560,1532,1502,1474,1446,1418,1390,1364,1338,1312,1288,1264,1240,1216,1192,1168,1146,1124,1102,1080,1060,1040,1020,998,980,960,944,924,906,890,874,858,842,826,812,798,786,772,758,746,734,722,710,698,686,676,666,656,646,636,630,622,614,606,598,590,584,578,572,566,560,556,552,548,546,542,540,538,536,534,532,530,530,530,530,530,530,532,536,538,540,542,546,550,554,558,562,568,574,580,586,592,598,606,614,622,630,636,644,652,662,672,682,692,702,712,722,732,742,752,762,772,782,794,806,818,828,840,852,864,876,888,900,912,924,936,948,960,972,984,996,1006,1016,1026,1034,1044,1054,1064,1074,1084,1092,1100,1108,1116,1124,1132,1140,1146,1152,1156,1162,1168,1174,1178,1180,1184,1188,1192,1192,1196,1198,1200,1202,1202,1204,1204,1204,1204,1204,1204,1202,1200,1198,1196,1196,1192,1188,1184,1182,1178,1174,1168,1162,1158,1152,1146,1140,1136,1130,1124,1118,1112,1104,1096,1088,1080,1072,1064,1056,1048,1040,1032,1024,1016,1008,1000,992,984,976,968,960,952,944,940,934,928,922,916,908,904,898,892,886,878,874,870,866,862,858,854,850,846,842,838,836,834,830,828,826,824,822,820,818,816,812,810,808,806,806,806,806,804,804,804,804,804,804,804,804,802,802,802,802,802,802,802,802,802,802,802,802,802,802,802,802,802,802,802,802,802,802,800,798,796,794,792,790,788,786,784,782,780,778,776,774,770,766,762,758,754,750,748,744,740,736,732,728,724,718,712,706,700,694,688,682,676,670,664,658,652,646,640,634,628,622,616,610,604,598,592,586,580,574,568,562,556,552,544,538,530,524,516,510,502,494,486,478,470,462,454,446,438,430,422,414,406,400,394,388,382,376,370,364,358,352,346,340,334,328,322,316,312,306,300,294,288,282,276,272,268,264,260,256,252,248,244,240,236,232,228,224,220,216,214,212,210,208,206,204,202,200,198,196,194,192,190,188,186,184,182,180,180,180,180,180,180,180,180,180,180,180,180,180,180,180,180,180,180,180,180,180,180,180,180,180,180,180,180,180,180,180,180,180,182,182,182,182,184,184,184,186,186,186,188,188,188,190,190,192,192,194,194,194,196,196,198,198,200,200,202,202,204,204,204,206,206,206,208,208,208,210,210,210,210,210,212,212,212,212,212,212,212,212,212,212,212,212,212,212,212,212,212,212,214
236,244,252,260,268,276,284,294,304,314,324,334,344,354,364,374,384,394,402,412,422,432,442,452,462,474,486,498,510,522,534,546,558,570,582,594,606,618,630,640,652,666,678,692,706,720,734,750,764,778,792,806,820,834,848,864,878,894,910,926,942,958,974,990,1008,1024,1040,1056,1072,1088,1104,1120,1140,1158,1176,1194,1212,1230,1248,1266,1284,1302,1322,1340,1358,1376,1394,1412,1430,1448,1466,1486,1502,1522,1542,1562,1582,1602,1622,1642,1662,1682,1700,1720,1740,1760,1780,1800,1820,1840,1860,1880,1898,1918,1938,1958,1978,1998,2018,2036,2054,2072,2088,2106,2124,2142,2160,2178,2196,2212,2228,2244,2260,2276,2290,2306,2322,2338,2352,2364,2378,2392,2406,2418,2430,2442,2452,2464,2476,2486,2494,2504,2514,2524,2530,2538,2546,2554,2562,2568,2574,2578,2584,2588,2592,2596,2600,2602,2604,2606,2606,2606,2606,2606,2604,2602,2600,2596,2592,2588,2584,2576,2570,2564,2556,2548,2540,2532,2522,2512,2500,2488,2476,2464,2452,2438,2424,2410,2396,2382,2366,2350,2334,2318,2300,2284,2266,2248,2230,2212,2194,2174,2156,2136,2116,2096,2076,2056,2036,2016,1996,1976,1958,1938,1918,1896,1874,1852,1830,1808,1786,1766,1744,1724,1704,1684,1664,1644,1624,1604,1584,1566,1546,1526,1506,1488,1470,1452,1434,1416,1398,1382,1364,1348,1332,1316,1300,1284,1268,1252,1238,1224,1210,1196,1184,1170,1156,1142,1130,1118,1106,1094,1082,1070,1060,1050,1040,1030,1020,1010,1000,992,986,978,970,960,952,948,942,936,928,922,916,910,906,902,898,894,890,886,884,882,880,878,876,878,878,878,878,878,880,882,884,886,888,892,896,900,904,908,912,920,926,932,938,944,950,960,968,976,984,992,1000,1012,1022,1032,1042,1052,1062,1074,1086,1098,1110,1122,1134,1146,1158,1170,1182,1196,1210,1224,1238,1252,1264,1278,1292,1306,1320,1334,1348,1362,1376,1390,1402,1416,1430,1444,1456,1470,1484,1496,1510,1524,1538,1548,1560,1572,1584,1594,1606,1618,1630,1638,1648,1658,1668,1676,1686,1694,1702,1708,1716,1724,1732,1738,1742,1748,1754,1760,1764,1768,1772,1776,1780,1784,1786,1788,1790,1790,1790,1790,1790,1790,1788,1786,1784,1782,1778,1774,1770,1766,1762,1756,1750,1744,1738,1730,1722,1714,1706,1698,1690,1680,1670,1660,1650,1640,1626,1614,1604,1592,1580,1568,1558,1544,1530,1516,1504,1490,1476,1462,1448,1434,1420,1406,1392,1380,1366,1352,1338,1324,1310,1296,1282,1268,1254,1240,1226,1212,1198,1184,1172,1158,1144,1130,1116,1102,1088,1074,1060,1046,1032,1018,1004,990,978,966,954,942,930,918,906,894,882,868,860,850,840,830,820,810,800,790,780,772,764,756,748,740,732,724,716,708,702,696,690,684,678,672,668,662,658,654,650,646,642,638,634,630,626,622,620,618,616,614,612,610,608,606,604,602,600,598,596,596,596,596,596,596,596,596,596,596,596,596,596,596,596,596,596,596,596,596,596,596,596,596,596,596,596,596,596,596,596,598,600,602,604,606,608,610,612,614,616,618,620,622,624,626,628,630,632,634,636,638,640,642,644,646,648,650,652,654,656,660,664,668,672,676,680,684,688,692,696,700,704,708,712,716,720,724,728,732,736,740,744,748,752,756,760,764,770,776,782,788,794,800,806,812,820,826,832,838,844,850,856,862,868,874,880,886,894,900,906,910,916,922,928,934,940,946,950,954,958,962,966,970,974,978,982,986,990,994,998,1002,1004,1006,1008,1010,1012,1014,1016,1018,1020,1022,1022,1022,1022,1022,1022,1022,1022,1022,1022,1020,1018,1014,1012,1010,1008,1006,1004,1002,998,994,988,984,980,976,972,968,964,960,954,950,944,938,932,926,920,914,908,904,898,892,886,880,876,870,864,858,852,848,842,836,830,824,820,814,808,802,794,786,780,772,764,756,748,740,732,724,716,708,700,692,684,676,668,662,654,646,638,630,622,616,610,604,598,592,586,580,574,568,562,556,550,544,538,532,526,522,518,514,510,506,502,498,494,490,486,482,478,474,472,470,470,468,466,464,462,460,458,456,454,452,450,450,450,450,450,450,450,450,450,450,450,450,450,450,450,450,450,450,450,450,450
556,588,620,654,688,724,760,796,834,874,914,956,996,1038,1082,1126,1172,1216,1264,1312,1362,1410,1462,1514,1566,1618,1672,1728,1782,1840,1898,1956,2014,2074,2136,2196,2260,2324,2386,2452,2518,2582,2650,2718,2784,2854,2924,2992,3062,3134,3204,3276,3346,3420,3492,3566,3638,3712,3786,3860,3932,4006,4080,4154,4228,4302,4376,4450,4524,4598,4672,4744,4816,4888,4960,5030,5100,5172,5240,5308,5376,5444,5510,5576,5640,5704,5766,5828,5888,5948,6008,6068,6126,6182,6236,6290,6344,6396,6448,6498,6548,6596,6642,6688,6734,6780,6824,6866,6908,6950,6988,7028,7066,7102,7140,7174,7210,7244,7276,7308,7340,7368,7398,7426,7454,7482,7508,7534,7560,7584,7608,7630,7652,7674,7698,7718,7738,7756,7774,7792,7808,7824,7840,7856,7870,7884,7896,7908,7922,7932,7942,7950,7960,7968,7974,7982,7988,7994,7998,8002,8006,8008,8010,8010,8010,8010,8010,8008,8006,8002,7998,7994,7988,7982,7976,7968,7960,7952,7942,7930,7920,7908,7896,7882,7868,7854,7838,7824,7808,7790,7774,7754,7736,7716,7696,7674,7652,7628,7606,7580,7556,7530,7504,7476,7450,7422,7392,7362,7330,7300,7266,7234,7198,7164,7130,7092,7056,7016,6978,6940,6902,6862,6822,6782,6740,6698,6654,6612,6568,6522,6476,6430,6384,6336,6288,6240,6190,6140,6090,6038,5988,5936,5882,5830,5778,5724,5670,5616,5560,5506,5452,5396,5340,5284,5226,5170,5112,5056,4998,4942,4884,4828,4770,4714,4656,4598,4538,4478,4418,4360,4300,4242,4186,4128,4070,4014,3956,3898,3840,3784,3726,3668,3614,3558,3502,3446,3392,3336,3280,3226,3174,3120,3066,3012,2960,2908,2856,2804,2752,2702,2652,2602,2554,2506,2458,2410,2362,2316,2270,2224,2180,2136,2092,2048,2006,1964,1922,1882,1842,1802,1764,1726,1688,1652,1616,1580,1544,1510,1476,1442,1412,1378,1346,1318,1288,1256,1230,1202,1174,1148,1122,1096,1072,1048,1024,1002,980,958,938,916,898,878,860,842,826,810,794,780,766,752,740,728,716,704,692,682,672,664,656,648,640,634,628,620,614,610,606,602,598,594,592,590,588,588,588,586,586,586,588,590,592,592,594,596,600,602,608,612,616,620,626,632,638,644,652,658,664,672,680,688,696,704,712,720,728,736,746,754,764,774,784,794,804,814,824,834,844,854,864,874,884,894,904,914,926,938,948,960,972,984,996,1008,1020,1032,1044,1056,1068,1080,1092,1104,1114,1126,1138,1150,1162,1174,1186,1198,1210,1222,1232,1244,1256,1268,1280,1292,1304,1316,1328,1338,1350,1362,1374,1386,1398,1410,1422,1434,1446,1458,1468,1480,1492,1504,1516,1528,1540,1552,1564,1576,1588,1600,1612,1624,1636,1648,1660,1670,1682,1694,1704,1714,1724,1734,1744,1754,1764,1774,1784,1794,1804,1814,1824,1834,1844,1854,1862,1870,1878,1886,1894,1902,1910,1918,1926,1934,1942,1948,1956,1962,1968,1974,1980,1986,1994,2000,2004,2008,2012,2016,2022,2026,2030,2034,2038,2042,2044,2046,2048,2050,2052,2054,2054,2054,2054,2054,2054,2054,2054,2054,2052,2050,2048,2046,2044,2042,2040,2036,2032,2028,2024,2020,2016,2012,2008,2004,1998,1992,1986,1980,1974,1968,1962,1956,1950,1944,1938,1932,1928,1922,1916,1910,1904,1898,1890,1882,1874,1866,1858,1850,1842,1834,1826,1816,1808,1800,1792,1784,1776,1768,1758,1750,1742,1734,1726,1718,1708,1700,1692,1684,1676,1668,1660,1650,1642,1634,1628,1620,1612,1604,1598,1590,1582,1574,1568,1560,1554,1546,1540,1532,1526,1518,1510,1504,1496,1490,1482,1476,1470,1462,1456,1450,1444,1438,1432,1426,1420,1412,1406,1398,1390,1382,1374,1366,1358,1350,1342,1336,1328,1320,1312,1304,1296,1288,1280,1272,1262,1256,1246,1238,1230,1222,1214,1206,1198,1190,1182,1174,1166,1158,1150,1142,1134,1126,1118,1108,1098,1088,1078,1068,1058,1048,1038,1028,1018,1008,998,988,980,970,960,950,940,930,920,910,900,890,880,870,860,850,840,830,820,810,800,790,782,772,762,752,742,732,722,712,702,694,686,678,670,662,654,646,638,630,624,616,608,600,592,584,576,568,560,552,544,538,532,528,522,516,510,504,498,492,486,480,474,468,464,460,456,452,448,444,440,436,432,428,424,420,416,412,410,408,406,404,402,400,398,396,394,392,392,390,388,386,384,384,384,384,384,384,384,384,384,384,384,384,384,384,384,384,384,384,384,384,384,384,384,384,384,384,384,384,384
176,194,208,226,242,262,278,300,320,340,362,384,406,428,452,476,500,526,552,580,608,636,664,694,724,754,786,818,850,884,918,954,990,1026,1064,1102,1142,1182,1222,1264,1306,1350,1394,1438,1484,1532,1578,1626,1674,1724,1774,1826,1878,1932,1984,2040,2094,2148,2206,2262,2320,2380,2438,2498,2560,2620,2680,2744,2810,2874,2938,3004,3072,3138,3204,3272,3338,3404,3470,3538,3604,3670,3736,3804,3870,3936,4002,4070,4136,4200,4264,4328,4392,4456,4520,4582,4644,4706,4768,4826,4886,4946,5004,5062,5120,5174,5230,5286,5338,5392,5442,5494,5546,5594,5644,5690,5738,5782,5828,5870,5912,5954,5994,6034,6072,6108,6146,6180,6216,6248,6280,6312,6342,6372,6400,6428,6454,6480,6504,6530,6552,6576,6596,6618,6636,6656,6676,6692,6710,6728,6744,6758,6774,6788,6800,6814,6826,6838,6850,6860,6870,6880,6888,6896,6904,6912,6918,6924,6930,6936,6942,6946,6950,6954,6958,6962,6966,6968,6970,6972,6974,6976,6978,6980,6982,6984,6984,6984,6984,6984,6984,6984,6984,6984,6984,6984,6984,6984,6982,6980,6978,6976,6974,6972,6970,6966,6964,6962,6960,6956,6952,6946,6942,6938,6934,6930,6924,6922,6916,6910,6904,6898,6892,6886,6880,6876,6868,6860,6852,6844,6838,6830,6822,6814,6806,6796,6786,6776,6768,6758,6748,6738,6728,6716,6704,6692,6682,6670,6656,6642,6630,6616,6602,6590,6576,6562,6546,6532,6516,6500,6484,6470,6454,6438,6422,6404,6386,6368,6352,6334,6316,6296,6276,6256,6236,6216,6196,6176,6156,6132,6110,6088,6066,6044,6020,5996,5972,5948,5924,5900,5874,5848,5820,5794,5766,5738,5710,5682,5654,5624,5594,5564,5534,5502,5470,5438,5406,5372,5338,5304,5268,5232,5196,5160,5122,5084,5046,5008,4968,4928,4888,4846,4804,4760,4720,4678,4634,4592,4548,4506,4462,4416,4372,4328,4282,4236,4188,4142,4096,4048,4002,3956,3906,3858,3808,3758,3710,3660,3612,3562,3514,3464,3414,3366,3316,3266,3216,3168,3118,3068,3018,2970,2920,2870,2820,2772,2722,2672,2622,2574,2526,2478,2430,2384,2336,2288,2242,2198,2152,2106,2060,2016,1972,1928,1884,1842,1802,1760,1718,1678,1638,1598,1560,1522,1484,1448,1412,1376,1342,1308,1274,1242,1212,1180,1150,1120,1090,1062,1034,1010,984,958,934,910,886,864,842,824,804,784,766,748,732,716,700,686,672,658,646,634,626,616,606,598,590,582,576,570,566,562,558,556,554,552,552,552,552,554,556,558,562,566,572,578,584,592,600,608,616,626,634,644,656,668,680,694,708,722,736,752,768,784,800,818,834,852,870,888,908,928,946,966,986,1008,1028,1050,1072,1092,1114,1136,1156,1178,1202,1224,1248,1272,1296,1318,1342,1366,1388,1412,1436,1458,1482,1506,1530,1556,1580,1604,1628,1654,1678,1702,1726,1750,1774,1796,1818,1842,1864,1886,1908,1930,1952,1974,1994,2014,2034,2054,2076,2096,2116,2134,2152,2170,2188,2206,2220,2236,2252,2268,2284,2298,2312,2326,2340,2354,2366,2378,2388,2400,2410,2420,2428,2438,2446,2454,2460,2468,2476,2482,2486,2492,2498,2502,2506,2508,2512,2514,2516,2518,2518,2520,2520,2520,2520,2518,2516,2514,2512,2510,2506,2502,2498,2494,2490,2486,2484,2478,2472,2466,2460,2454,2448,2442,2436,2428,2420,2412,2406,2398,2390,2382,2374,2366,2358,2350,2342,2334,2326,2318,2308,2298,2288,2278,2266,2256,2246,2236,2226,2216,2206,2196,2186,2176,2168,2158,2148,2138,2128,2118,2108,2098,2088,2078,2068,2058,2048,2038,2028,2018,2008,1998,1988,1978,1970,1960,1950,1940,1930,1920,1910,1900,1890,1880,1870,1860,1852,1842,1832,1824,1816,1806,1798,1788,1778,1770,1760,1752,1742,1734,1724,1716,1708,1698,1692,1684,1674,1666,1656,1648,1638,1628,1618,1608,1598,1588,1580,1570,1560,1550,1540,1530,1520,1510,1500,1490,1480,1470,1460,1450,1440,1430,1420,1410,1400,1390,1382,1372,1362,1352,1342,1332,1322,1312,1302,1292,1282,1272,1262,1252,1242,1232,1222,1212,1202,1192,1184,1176,1168,1160,1152,1144,1136,1128,1120,1112,1104,1096,1088,1080,1072,1064,1056,1048,1040,1032,1024,1016,1010,1004,998,992,988,982,976,970,964,958,952,946,940,934,928,922,918,914,910,906,902,898,894,890,886,882,878,874,870,866,862,860,858,856,854,852,850,848,846,844,842,840,838,836,834,832,830,828,828,828,828,828,828,828,828,828,828,828,828,828,828,828,828,828,828,828,828,828,828,828,828,828,828,828,828,828,828
172,186,200,214,228,244,260,274,290,308,326,344,362,382,402,422,442,464,486,508,530,554,578,602,628,656,682,708,736,764,792,822,852,882,914,946,978,1012,1046,1080,1116,1152,1190,1228,1266,1306,1346,1386,1428,1470,1512,1556,1600,1646,1692,1738,1786,1834,1882,1932,1982,2032,2082,2134,2186,2238,2290,2344,2398,2450,2504,2560,2616,2672,2728,2784,2840,2898,2954,3012,3070,3128,3184,3242,3300,3356,3414,3472,3530,3586,3644,3700,3758,3814,3872,3928,3986,4040,4096,4150,4204,4260,4312,4364,4418,4470,4520,4572,4622,4672,4722,4770,4816,4862,4908,4954,4998,5040,5082,5124,5166,5206,5244,5284,5324,5362,5400,5436,5470,5504,5536,5570,5600,5628,5656,5684,5710,5734,5758,5780,5800,5820,5838,5854,5872,5886,5898,5910,5920,5928,5936,5944,5950,5954,5956,5958,5958,5956,5954,5950,5946,5940,5934,5926,5916,5906,5894,5882,5868,5854,5838,5820,5804,5784,5764,5742,5720,5696,5672,5646,5620,5594,5566,5536,5506,5474,5442,5408,5376,5340,5304,5266,5228,5192,5152,5112,5070,5028,4988,4944,4902,4858,4814,4768,4722,4678,4630,4584,4536,4490,4442,4392,4344,4294,4246,4196,4148,4098,4050,3998,3946,3896,3844,3794,3742,3692,3640,3590,3538,3488,3436,3384,3336,3286,3238,3188,3140,3090,3042,2994,2948,2900,2852,2806,2760,2716,2670,2626,2582,2540,2496,2454,2412,2370,2332,2292,2254,2216,2178,2142,2106,2070,2036,2000,1966,1934,1902,1872,1842,1812,1784,1756,1730,1704,1678,1654,1630,1608,1586,1564,1542,1522,1502,1484,1466,1450,1434,1418,1404,1388,1374,1360,1348,1334,1322,1312,1302,1292,1282,1274,1264,1256,1248,1242,1236,1230,1222,1216,1212,1208,1204,1200,1194,1190,1186,1184,1182,1180,1176,1174,1172,1170,1168,1164,1162,1160,1158,1156,1152,1150,1148,1146,1146,1144,1142,1142,1142,1142,1142,1142,1140,1138,1136,1134,1132,1130,1128,1126,1124,1122,1120,1118,1116,1114,1112,1110,1108,1106,1104,1102,1098,1094,1090,1086,1082,1078,1074,1070,1066,1062,1058,1054,1050,1046,1042,1038,1034,1030,1026,1022,1018,1014,1010,1006,1002,998,994,990,986,982,978,974,970,964,960,956,950,946,942,938,934,930,926,922,918,914,910,906,902,898,894,890,886,882,878,874,870,866,862,858,852,848,844,840,836,832,828,824,818,816,812,808,804,802,802,800,798,796,794,792,790,788,786,784,782,780,778,776,774,772,770,770,770,770,770,770,770,770,770,770,770,770,770,770,770,770,772,774,776,778,780,782,784,786,788,790,792,794,796,800,804,808,812,816,820,824,828,832,836,840,844,848,854,860,866,870,876,882,888,894,900,906,912,918,924,930,936,942,948,954,960,966,972,978,982,988,996,1002,1008,1014,1020,1026,1032,1038,1044,1050,1056,1062,1068,1074,1080,1086,1092,1098,1104,1110,1116,1122,1128,1134,1140,1146,1148,1152,1156,1160,1164,1168,1172,1176,1180,1184,1186,1188,1190,1192,1194,1196,1198,1200,1202,1204,1204,1204,1204,1204,1204,1204,1204,1204,1202,1200,1198,1196,1194,1192,1188,1186,1186,1182,1178,1174,1170,1166,1162,1158,1154,1150,1146,1142,1138,1132,1126,1120,1114,1108,1102,1096,1090,1086,1080,1074,1068,1062,1056,1050,1046,1040,1034,1028,1022,1016,1010,1004,998,990,984,978,970,964,956,950,944,938,932,926,920,914,908,902,896,890,884,878,872,866,860,854,848,842,836,830,826,820,814,808,802,796,790,784,778,772,766,760,754,748,742,736,730,724,718,712,706,700,694,688,682,676,670,664,658,652,646,640,634,628,622,616,610,606,602,598,594,590,586,582,578,574,570,566,562,556,552,548,544,540,536,532,528,524,520,516,512,508,502,498,494,490,486,482,478,474,472,468,464,460,456,452,450,446,442,438,434,430,426,426,424,422,420,418,416,414,412,410,410,408,406,404,402,400,398,396,394,392,390,388,386,384,382,380,378,376,374,372,372,372,372,372,372,372,372,372,372,372,372,372,372,372,372,372,372,372,372,372,372,372,372,372,372,372,372,372,372,372,372,372,372,374,374,374,374,374,376,376,376,376,378,378,380,380,380,382,382,384,384,386,386,388,388,390,392,392,394,394,396,396,396,398,398,398,400,400,400,400,400,400,402
142,150,156,168,178,188,198,208,220,230,240,252,264,276,288,302,314,326,340,354,368,382,396,414,430,446,462,478,494,512,532,550,568,588,608,628,648,670,692,714,738,762,786,810,834,860,886,912,940,968,996,1024,1054,1084,1114,1146,1178,1210,1246,1280,1314,1350,1386,1422,1458,1496,1534,1572,1612,1650,1690,1732,1774,1816,1856,1900,1944,1988,2034,2078,2124,2170,2218,2264,2312,2360,2410,2458,2508,2556,2606,2656,2708,2758,2810,2862,2912,2966,3018,3072,3124,3178,3230,3282,3336,3388,3440,3494,3546,3598,3652,3706,3758,3812,3864,3916,3970,4022,4074,4128,4180,4232,4286,4338,4390,4442,4492,4542,4594,4644,4692,4742,4790,4840,4886,4934,4980,5026,5070,5116,5160,5202,5244,5286,5326,5366,5406,5444,5482,5516,5552,5586,5620,5652,5684,5712,5742,5770,5798,5824,5850,5874,5896,5918,5940,5960,5980,5998,6016,6032,6048,6062,6076,6088,6098,6108,6116,6124,6130,6138,6142,6146,6148,6148,6150,6148,6146,6144,6140,6136,6130,6124,6116,6108,6098,6088,6076,6064,6052,6040,6024,6008,5992,5976,5958,5940,5922,5902,5882,5858,5836,5814,5790,5766,5742,5716,5690,5664,5636,5608,5578,5548,5518,5488,5458,5426,5396,5364,5332,5298,5266,5230,5196,5162,5126,5092,5054,5018,4980,4944,4908,4868,4830,4790,4752,4714,4674,4636,4594,4554,4512,4472,4430,4388,4348,4306,4266,4224,4182,4142,4100,4058,4016,3974,3934,3890,3846,3802,3758,3716,3672,3628,3584,3540,3496,3452,3408,3364,3320,3276,3232,3188,3144,3100,3056,3012,2968,2924,2880,2836,2794,2752,2710,2668,2626,2584,2542,2500,2458,2416,2374,2332,2290,2250,2210,2170,2130,2092,2052,2012,1972,1934,1896,1858,1820,1782,1746,1710,1674,1638,1602,1566,1532,1496,1462,1428,1394,1360,1326,1296,1264,1232,1200,1170,1140,1110,1080,1050,1024,994,968,940,914,888,862,836,812,788,764,740,718,696,674,652,632,612,592,574,556,540,522,506,490,474,458,444,430,416,404,392,380,368,358,348,338,328,320,312,304,298,292,284,278,274,270,266,262,260,258,256,256,254,254,254,254,254,256,258,260,262,268,272,276,280,284,290,296,302,308,314,322,332,340,348,356,366,376,386,396,408,420,432,444,456,470,484,500,514,528,544,560,576,592,610,628,648,666,684,704,724,744,764,784,806,828,852,874,896,920,944,968,992,1016,1042,1068,1094,1120,1144,1170,1196,1224,1252,1280,1308,1334,1362,1390,1418,1446,1474,1502,1530,1556,1586,1614,1644,1674,1704,1732,1760,1788,1816,1844,1872,1898,1926,1954,1982,2010,2038,2062,2088,2114,2140,2166,2190,2214,2238,2262,2286,2306,2328,2350,2372,2390,2410,2430,2448,2466,2484,2502,2516,2532,2548,2562,2574,2588,2600,2610,2622,2632,2642,2650,2658,2666,2674,2680,2684,2690,2694,2698,2700,2702,2704,2704,2704,2704,2702,2700,2698,2694,2690,2684,2678,2672,2664,2656,2648,2640,2630,2620,2610,2598,2586,2574,2564,2550,2536,2522,2508,2492,2476,2460,2444,2426,2408,2390,2372,2356,2336,2316,2296,2276,2256,2238,2216,2194,2174,2152,2130,2110,2088,2066,2046,2024,2002,1980,1960,1938,1916,1894,1872,1852,1830,1808,1786,1764,1742,1720,1698,1676,1654,1634,1612,1590,1568,1548,1528,1508,1488,1468,1448,1428,1410,1390,1370,1350,1330,1312,1294,1276,1258,1240,1220,1204,1184,1168,1150,1136,1118,1102,1086,1070,1054,1038,1024,1010,996,982,968,954,940,926,914,902,890,878,866,854,842,830,820,810,800,790,780,770,760,750,742,734,726,718,708,702,694,684,676,670,666,658,652,646,640,634,628,622,618,614,610,606,602,598,594,590,586,582,578,574,572,570,568,566,564,562,560,558,556,554,552,550,548,546,544,542,540,538,536,536,536,536,536,536,536,536,536,536,536,536,536,536,536,536,536,536,536,536,536,536,536,536,536,536,536,536,536,536,536,536,536,536,536,536,536,536,536,536,536,536,536,536,536,536,536,536,536,538,538,538,538,538,538,538,538,538,538,538,538,538,538,538,540,540,540,540,540,540,540,540,540,540,540,542,542,542,542,542,542,542,542,544,544,544,544,544,544,546,546,546,546,546,546,548,548,548,548,548,548,548,550,550,550,550,550,550,552,552,552,552,552,552,552,552,552,552,552,554
248,270,294,318,342,368,394,420,448,476,506,534,566,598,630,664,698,734,770,806,844,884,924,966,1008,1050,1094,1140,1186,1234,1280,1330,1380,1432,1482,1536,1590,1646,1700,1758,1816,1876,1934,1996,2060,2124,2188,2254,2322,2388,2456,2526,2594,2666,2738,2812,2886,2960,3034,3110,3186,3264,3342,3418,3496,3576,3656,3736,3814,3894,3974,4054,4136,4216,4298,4380,4462,4542,4624,4706,4786,4866,4944,5024,5104,5184,5264,5340,5418,5496,5572,5646,5722,5798,5870,5944,6016,6086,6156,6224,6294,6360,6428,6492,6556,6620,6682,6742,6802,6862,6918,6974,7028,7082,7136,7188,7238,7288,7336,7382,7430,7474,7518,7560,7602,7644,7686,7726,7764,7804,7840,7878,7912,7946,7978,8008,8040,8068,8098,8124,8150,8176,8198,8222,8242,8264,8282,8300,8316,8332,8346,8360,8370,8382,8390,8400,8406,8412,8418,8420,8422,8422,8422,8420,8418,8414,8408,8404,8396,8384,8374,8362,8350,8336,8320,8302,8284,8266,8246,8222,8200,8176,8150,8124,8094,8066,8034,8004,7970,7938,7902,7866,7830,7790,7752,7710,7668,7626,7582,7540,7494,7450,7402,7356,7310,7264,7218,7170,7122,7074,7024,6974,6924,6876,6822,6770,6718,6666,6612,6556,6502,6448,6392,6338,6282,6226,6168,6110,6052,5996,5938,5880,5822,5764,5706,5646,5586,5526,5464,5404,5344,5284,5224,5164,5104,5044,4982,4922,4862,4800,4740,4680,4620,4558,4498,4438,4376,4318,4260,4202,4144,4086,4030,3974,3916,3860,3804,3746,3692,3638,3582,3528,3474,3418,3364,3312,3258,3206,3154,3104,3052,3002,2952,2904,2854,2804,2758,2710,2662,2616,2570,2526,2480,2436,2392,2350,2308,2266,2224,2184,2146,2106,2068,2030,1992,1956,1920,1884,1848,1814,1780,1746,1716,1684,1652,1622,1592,1562,1532,1504,1476,1448,1420,1394,1368,1342,1316,1292,1268,1244,1222,1200,1178,1156,1134,1114,1094,1074,1054,1036,1018,1000,982,964,948,932,916,900,884,870,856,842,828,814,800,788,776,764,752,742,730,718,708,700,690,680,670,662,654,646,638,630,622,616,610,604,598,592,588,584,580,576,572,566,562,560,558,556,554,552,550,550,550,550,550,550,550,548,550,552,554,556,558,560,560,562,566,570,574,578,582,586,590,592,596,600,604,608,612,614,620,624,628,632,636,640,646,650,656,660,668,670,678,684,690,696,702,706,710,714,718,722,726,730,734,738,742,746,750,754,758,762,766,770,774,778,782,786,790,794,798,802,806,808,810,812,814,816,818,820,822,824,826,828,828,830,832,834,836,838,840,842,844,846,848,850,852,854,854,854,854,854,854,854,854,854,854,854,854,854,854,854,854,854,854,854,854,854,854,854,854,852,852,852,852,852,852,852,852,852,852,852,848,846,844,842,840,838,836,836,834,832,830,828,826,824,822,820,818,816,814,812,810,808,806,804,802,800,798,796,794,792,792,790,788,786,784,782,780,778,774,770,766,762,758,754,750,746,742,738,734,730,726,722,718,714,710,708,704,700,696,692,688,684,680,676,672,668,664,660,656,652,648,644,640,634,630,626,622,618,614,608,604,600,594,590,584,580,574,570,564,560,554,548,544,538,532,528,522,516,512,506,500,496,490,484,478,472,466,460,454,450,444,438,432,426,422,418,414,410,406,402,398,394,390,386,382,378,374,370,366,362,358,354,350,346,342,338,334,330,326,322,318,314,310,306,302,296,292,288,284,280,276,272,268,266,264,264,262,260,258,256,254,252,250,248,246,246,244,242,240,238,236,234,232,232,230,228,226,224,222,220,218,216,214,214,214,214,214,214,214,214,214,214,214,214,214,214,214,214,214,214,214,214,214,214,214,214,214,214,214,214,214,214,214,214,214,214,214,214,214,214,214,214,214,214,214,214,214,214,214,214,212,212,212,212,212,212,212,212,214,214,214,214,214,214,214,214,216,216,216,216,216,216,216,218,218,218,218,218,220,220,220,220,220,222,222,222,222,224,224,224,224,226,226,226,226,228,228,228,228,230,230,230,232,232,232,234,234,234,236,236,236,234,234,236,236,236,236,236,236,236,236,236,236,238,238
152,156,160,164,166,170,174,178,182,186,190,194,196,200,204,206,208,210,212,214,216,218,220,222,224,226,228,230,232,234,236,238,240,242,244,246,248,250,252,254,256,258,260,262,266,270,274,278,282,286,290,294,298,302,306,310,316,322,328,334,340,346,352,360,368,376,384,392,400,410,422,432,442,452,464,476,488,500,512,524,538,552,568,582,596,612,628,644,660,676,694,712,730,748,768,788,808,828,848,870,892,912,934,956,980,1004,1028,1052,1076,1100,1124,1150,1176,1202,1228,1254,1282,1308,1336,1364,1392,1420,1448,1476,1502,1532,1562,1592,1622,1652,1682,1710,1740,1770,1800,1828,1858,1888,1916,1946,1976,2004,2034,2064,2092,2122,2152,2180,2210,2240,2268,2298,2328,2356,2384,2412,2440,2468,2494,2522,2550,2578,2606,2634,2662,2688,2714,2740,2766,2792,2818,2844,2870,2896,2922,2948,2974,2998,3022,3046,3070,3094,3120,3144,3168,3192,3216,3240,3264,3288,3312,3336,3360,3382,3404,3428,3450,3472,3494,3516,3540,3562,3584,3606,3628,3650,3670,3690,3710,3730,3750,3772,3792,3812,3832,3852,3870,3888,3904,3922,3940,3958,3976,3992,4008,4024,4040,4054,4070,4084,4098,4110,4124,4138,4148,4160,4172,4184,4194,4204,4212,4222,4230,4238,4246,4252,4260,4266,4272,4276,4282,4286,4288,4292,4294,4296,4298,4298,4300,4298,4298,4298,4296,4296,4294,4294,4290,4286,4284,4278,4274,4268,4262,4254,4246,4238,4228,4220,4210,4198,4186,4176,4162,4148,4136,4122,4106,4090,4076,4060,4042,4026,4008,3988,3968,3950,3930,3910,3890,3868,3846,3826,3802,3778,3754,3732,3708,3682,3656,3630,3604,3578,3552,3526,3498,3470,3442,3414,3386,3358,3332,3302,3272,3242,3212,3182,3152,3124,3094,3064,3034,3004,2974,2946,2916,2886,2856,2826,2796,2766,2736,2706,2676,2646,2616,2586,2556,2526,2496,2466,2438,2410,2382,2354,2326,2298,2270,2242,2216,2190,2164,2138,2112,2088,2064,2040,2016,1992,1968,1946,1924,1902,1880,1858,1836,1816,1796,1776,1756,1736,1718,1698,1682,1662,1644,1628,1612,1596,1580,1564,1550,1536,1522,1508,1494,1480,1468,1456,1444,1432,1420,1408,1396,1386,1376,1366,1356,1346,1336,1328,1320,1312,1304,1296,1288,1280,1272,1266,1260,1254,1248,1242,1234,1228,1222,1216,1210,1206,1202,1198,1194,1190,1186,1182,1178,1174,1170,1166,1162,1158,1152,1148,1146,1142,1138,1134,1130,1128,1126,1124,1122,1120,1118,1116,1114,1112,1110,1108,1106,1104,1102,1100,1098,1096,1094,1092,1090,1088,1086,1084,1082,1080,1078,1076,1074,1072,1070,1066,1062,1058,1054,1050,1046,1042,1038,1034,1030,1026,1022,1018,1014,1010,1006,1002,998,994,988,982,976,970,964,958,952,948,942,936,930,924,918,912,906,900,894,888,882,876,870,864,858,852,846,840,834,828,822,816,810,804,798,792,784,778,772,764,758,750,744,738,730,722,716,710,702,696,688,680,672,666,660,654,648,642,636,630,626,620,614,608,602,596,590,584,578,572,566,560,554,548,542,536,530,524,518,512,508,502,498,494,490,486,482,478,474,470,466,462,458,454,450,446,442,438,434,430,428,426,424,422,420,418,416,414,412,410,408,406,404,402,400,398,398,398,398,398,398,398,398,398,398,398,398,398,398,398,398,400,402,404,406,408,410,412,414,416,418,420,422,424,426,428,430,432,434,436,438,440,442,444,446,448,450,452,454,458,460,462,466,470,474,478,482,486,490,494,498,502,506,510,514,518,522,526,530,534,538,542,546,550,552,556,560,564,568,570,572,574,576,578,580,582,584,586,588,590,592,594,596,598,600,600,600,600,600,600,600,600,600,600,600,600,600,600,600,600,598,596,594,592,590,588,586,584,582,580,578,576,572,570,568,566,564,562,560,558,556,554,552,550,548,546,544,542,540,536,534,532,530,526,524,522,518,516,512,510,508,504,500,498,494,490,486,482,478,476,474,472,470,468,466,464,462,460,458,456,454,452,450,448,446,444,442,440,438,436,434,432,430,428,426,424,422,422,422,422,422,422,422,422,422,422,422,422,422,422,422,422,422,422,422,422,422,422,422,422,422,422,422,422,422,422,422,422,422,422,422,422,422
122,130,138,146,154,162,170,178,186,196,206,216,226,236,246,256,266,278,290,302,314,326,338,350,364,378,392,404,418,432,448,464,480,496,512,530,548,566,584,602,622,642,662,682,704,726,748,770,792,818,840,866,892,918,944,972,1000,1028,1058,1086,1116,1146,1178,1210,1242,1276,1310,1344,1380,1416,1452,1490,1528,1566,1606,1646,1686,1726,1768,1810,1852,1894,1938,1982,2028,2074,2120,2166,2214,2262,2310,2358,2408,2458,2506,2556,2608,2660,2710,2762,2814,2868,2920,2974,3028,3080,3134,3190,3246,3300,3356,3412,3468,3522,3578,3632,3688,3744,3798,3854,3908,3964,4018,4074,4128,4184,4238,4292,4344,4398,4450,4504,4556,4608,4660,4710,4762,4810,4860,4910,4956,5004,5052,5100,5144,5190,5236,5280,5324,5364,5406,5448,5488,5528,5564,5602,5640,5676,5712,5744,5778,5812,5844,5876,5906,5936,5966,5994,6022,6050,6076,6100,6124,6148,6172,6194,6216,6238,6258,6278,6296,6314,6332,6350,6366,6382,6398,6412,6426,6440,6454,6466,6478,6488,6498,6508,6518,6526,6534,6542,6550,6556,6564,6570,6576,6580,6586,6592,6594,6598,6604,6608,6612,6614,6618,6620,6622,6624,6624,6626,6626,6626,6626,6626,6626,6624,6622,6620,6618,6616,6614,6612,6610,6608,6606,6604,6602,6598,6596,6594,6592,6590,6586,6584,6582,6580,6578,6574,6572,6572,6570,6570,6568,6566,6566,6564,6564,6562,6560,6558,6558,6556,6554,6552,6550,6550,6548,6546,6544,6544,6546,6546,6546,6546,6546,6548,6548,6548,6548,6548,6550,6550,6550,6552,6554,6556,6558,6560,6562,6564,6566,6568,6570,6572,6574,6576,6578,6580,6584,6588,6592,6596,6600,6604,6608,6610,6614,6618,6622,6626,6630,6634,6638,6642,6646,6650,6656,6662,6668,6674,6678,6684,6690,6696,6700,6706,6712,6718,6722,6728,6734,6740,6746,6750,6756,6762,6768,6772,6778,6784,6790,6796,6802,6804,6808,6812,6816,6820,6824,6828,6832,6836,6838,6840,6842,6844,6844,6846,6846,6844,6842,6840,6840,6836,6832,6828,6824,6818,6812,6804,6798,6788,6778,6768,6756,6744,6732,6718,6706,6690,6674,6658,6640,6622,6604,6584,6564,6542,6520,6500,6476,6452,6428,6402,6376,6350,6322,6296,6268,6238,6208,6178,6146,6116,6084,6050,6016,5982,5948,5914,5878,5842,5806,5768,5730,5694,5654,5614,5574,5534,5496,5454,5412,5370,5330,5288,5244,5200,5156,5114,5070,5026,4980,4936,4890,4844,4798,4752,4708,4662,4616,4570,4526,4480,4434,4386,4340,4292,4246,4200,4154,4110,4064,4018,3972,3928,3882,3838,3794,3750,3708,3664,3620,3578,3538,3496,3454,3412,3372,3334,3294,3256,3218,3180,3144,3108,3072,3036,3002,2968,2936,2902,2870,2838,2806,2776,2746,2716,2686,2658,2630,2604,2580,2554,2530,2506,2482,2458,2436,2414,2394,2374,2354,2334,2314,2296,2278,2260,2242,2226,2210,2196,2180,2164,2148,2134,2120,2106,2092,2078,2066,2054,2042,2032,2020,2008,1996,1984,1976,1966,1956,1946,1936,1926,1916,1906,1896,1886,1876,1866,1856,1848,1838,1828,1818,1808,1798,1788,1778,1770,1760,1750,1742,1732,1722,1714,1704,1696,1686,1676,1668,1658,1650,1642,1634,1626,1616,1610,1600,1592,1584,1576,1568,1560,1550,1542,1534,1526,1518,1510,1500,1494,1484,1476,1470,1464,1460,1454,1448,1442,1436,1430,1424,1418,1412,1406,1400,1394,1390,1386,1382,1378,1374,1370,1366,1362,1358,1354,1350,1346,1342,1338,1334,1332,1330,1326,1324,1322,1320,1318,1316,1312,1310,1308,1306,1304,1302,1302,1300,1298,1296,1294,1294,1292,1290,1288,1286,1286,1284,1282,1280,1278,1278,1276,1276,1276,1276,1278,1278,1278,1278,1278,1278,1278,1278,1278,1278,1278,1278,1278,1278,1278,1278,1278,1278,1278,1278,1278,1278,1278,1278,1278,1278,1278,1278,1278,1278,1278,1280,1282,1282,1284,1286,1288,1290,1290,1292,1294,1296,1298,1298,1300,1302,1304,1304,1306,1308,1310,1312,1312,1314,1316,1318,1320,1322,1324,1328,1330,1332,1334,1336,1338,1340,1342,1344,1346,1348,1350,1352,1354,1356,1358,1360,1362,1364,1366,1368,1370,1372,1374,1376,1378,1378,1378,1378,1378,1378,1378,1378,1378,1378,1376,1376,1376,1376,1376,1376,1374,1372,1370,1368,1366,1364,1362,1360,1358,1356,1354,1352,1350,1348,1346,1344,1342,1342,1340,1338,1334,1330,1326,1322,1318,1314,1310,1306,1302,1298,1294,1290,1286,1282,1278,1274,1270,1266,1262,1258,1256,1254,1252,1250,1248,1246,1244,1242,1240,1238,1236,1234,1232,1230,1228,1226,1224,1224,1224,1224,1224,1224,1224,1224,1224,1224,1224,1224,1224,1224,1224,1224,1224,1224,1224,1224,1224,1224,1224,1224
238,242,246,250,254,258,262,266,270,274,276,280,284,288,292,294,296,298,300,302,304,306,308,310,312,314,316,318,320,322,322,322,322,322,322,322,322,322,322,322,322,322,322,322,322,320,318,316,314,312,310,308,306,304,302,300,298,296,294,292,290,288,286,284,282,280,278,276,276,274,272,268,266,264,262,258,256,252,248,244,240,236,232,228,224,220,216,212,208,204,200,196,192,188,184,180,176,172,168,164,160,156,152,148,144,140,136,132,128,124,120,118,118,116,114,112,110,108,106,104,102,100,98,96,94,92,90,88,86,84,82,80,78,78,78,78,78,78,78,78,78,78,78,78,78,78,78,78,78,78,80,82,84,86,88,90,92,94,96,98,100,102,104,106,110,114,118,122,126,130,134,138,142,146,150,156,162,168,174,180,186,192,198,204,210,216,224,232,240,248,256,264,272,280,288,296,304,314,324,334,344,354,364,374,384,392,402,414,426,438,450,462,474,486,498,510,522,534,546,558,570,582,592,604,616,628,640,652,664,676,690,702,714,728,740,752,764,776,788,798,810,822,834,846,858,870,882,894,906,918,930,942,954,966,978,988,998,1008,1018,1028,1038,1048,1058,1068,1078,1086,1092,1100,1108,1116,1124,1132,1140,1146,1152,1158,1164,1170,1176,1182,1186,1190,1194,1198,1204,1208,1212,1216,1218,1220,1222,1224,1226,1226,1226,1226,1226,1226,1226,1226,1226,1226,1224,1222,1220,1218,1216,1214,1210,1206,1202,1198,1194,1190,1186,1180,1174,1170,1164,1158,1152,1146,1140,1134,1128,1120,1114,1106,1098,1090,1082,1074,1066,1058,1050,1042,1036,1028,1020,1012,1004,996,988,980,972,964,956,948,940,932,924,916,908,898,890,882,872,866,858,848,840,830,820,812,802,792,782,774,764,754,744,734,724,714,704,694,686,678,670,664,656,648,640,632,624,616,608,600,592,584,576,568,560,552,544,536,528,520,512,504,496,488,480,474,470,464,458,452,446,438,432,428,422,416,410,404,398,392,386,380,376,372,368,364,360,354,352,348,342,338,334,330,326,322,320,318,316,314,312,310,308,306,304,302,298,296,294,294,294,294,294,294,294,294,296,296,296,296,296,296,296,296,296,298,298,298,298,298,298,298,298,298,300,302,304,306,308,310,312,314,316,318,320,322,324,326,328,330,332,334,336,338,340,342,344,346,348,350,352,354,356,358,360,362,364,366,368,370,372,374,376,378,380,382,384,386,388,388,388,388,388,388,388,388,388,388,388,388,388,388,388,388,388,388,388,388,388,388,388,388,388,388,388,388,388,388,388,388,388,386,386,386,386,384,384,384,384,382,382,380,380,378,378,376,374,372,370,368,366,364,362,360,358,356,354,352,350,348,346,344,342,340,338,336,334,332,330,328,326,324,322,320,318,316,314,312,310,308,306,304,302,300,298,296,294,294,292,290,288,286,286,284,282,282,280,280,280,280,280,280,280,280,280,280,280,280,280,280,280,280,280,280,280,280,280,280,280,280,280,280,280,280,280,280,280,280,280,280,280,280,280,280,280,280,280,280,280,280,280,280,280,280,280,280,280,280,280,280,280,280,280,280,280,280,280,280,280,280,280,280,280,280,280,280,280,280,280,280,280,280,280,280,280,280,280,280,280,280,280,280,280,280,280,280,280,280,280,280,280,282,282,282,282,282,282,282,282,282,282,282,282,282,284,284,284,284,286,286,286,288,288,290,290,292,292,294,294,296,296,298,298,300,300,302,304,304,306,308,308,310,312,312,314,316,318,318,320,322,322,324,326,328,328,330,332,332,334,334,336,338,338,340,342,342,344,344,346,346,348,348,350,350,350,352,352,354,354,354,356,356,356,358,358,358,358,358,360,360,360,360,360,360,360,360,360,360,362,362,362,362,362,362,362,362,362,362,362,362,362,362,362,362,362,362,362,362,362
194,196,198,200,202,204,206,208,210,212,214,216,218,218,218,218,218,218,218,218,218,218,218,218,218,216,214,212,210,208,206,204,202,200,200,198,194,190,186,182,178,174,170,166,162,158,154,150,146,142,138,134,130,128,124,120,116,110,106,102,96,92,88,84,80,76,72,68,64,60,56,52,48,44,42,38,34,30,28,26,24,24,22,20,20,18,18,18,18,18,18,18,18,18,20,20,22,24,26,30,32,36,42,46,52,60,68,76,86,96,106,116,128,140,154,166,180,196,212,230,248,266,286,306,328,350,372,396,422,448,474,502,530,558,588,620,652,686,720,754,792,830,870,910,950,992,1036,1080,1126,1172,1220,1270,1320,1370,1422,1476,1530,1584,1640,1698,1754,1814,1874,1936,1996,2060,2124,2188,2254,2322,2388,2458,2528,2596,2668,2738,2810,2884,2956,3030,3106,3180,3256,3330,3406,3482,3560,3636,3714,3790,3868,3944,4022,4098,4176,4252,4330,4406,4484,4562,4636,4712,4788,4864,4938,5012,5084,5156,5228,5298,5368,5438,5504,5572,5640,5704,5770,5832,5896,5956,6018,6076,6134,6190,6246,6302,6358,6412,6464,6514,6564,6614,6662,6710,6756,6800,6846,6888,6932,6974,7012,7052,7088,7126,7162,7196,7230,7262,7294,7326,7358,7386,7416,7444,7472,7500,7526,7552,7576,7600,7624,7648,7668,7690,7710,7728,7748,7766,7782,7800,7814,7830,7844,7858,7870,7882,7894,7904,7912,7920,7930,7936,7942,7946,7950,7954,7956,7958,7958,7958,7958,7956,7952,7948,7944,7940,7934,7928,7918,7910,7902,7890,7880,7868,7854,7842,7826,7812,7796,7780,7762,7744,7724,7704,7682,7662,7638,7614,7590,7564,7536,7510,7480,7450,7420,7388,7354,7322,7286,7252,7214,7176,7138,7100,7058,7018,6974,6932,6888,6842,6796,6750,6702,6654,6604,6554,6504,6452,6400,6348,6294,6240,6184,6128,6072,6014,5956,5898,5838,5780,5720,5660,5598,5538,5476,5414,5350,5288,5224,5162,5098,5034,4968,4904,4838,4774,4708,4644,4578,4514,4450,4384,4320,4254,4190,4124,4058,3994,3928,3862,3798,3732,3668,3606,3542,3478,3416,3352,3290,3228,3166,3104,3042,2984,2924,2864,2804,2746,2688,2630,2574,2518,2462,2408,2356,2302,2250,2198,2146,2096,2046,1996,1948,1900,1852,1806,1760,1714,1670,1626,1584,1542,1500,1460,1420,1380,1342,1304,1266,1230,1194,1160,1126,1092,1060,1028,996,966,936,906,878,850,822,796,770,744,718,694,670,648,626,604,586,566,546,526,508,490,472,454,438,422,406,392,378,364,350,336,324,312,300,288,276,266,256,246,236,226,216,208,200,194,186,178,170,162,156,150,144,138,132,126,120,116,112,108,104,100,96,92,88,84,82,80,78,76,74,72,70,68,66,64,62,60,58,58,58,58,58,58,58,58,58,58,58,58,58,58,58,58,58,58,58,58,58,58,58,58,58,58,58,58,58,58,58,58,58,58,58,60,60,60,60,60,62,62,62,64,64,64,66,66,64,66,66,66,68,68,68,68,70,70,70,72,72,72,74,76,78,80,82,84,86,90,92,94,96,98,100,102,104,106,108,110,112,114,116,118,120,122,124,126,128,130,132,134,136,138,140,144,148,152,156,160,164,168,172,176,180,184,188,192,196,198,202,208,214,220,226,232,238,244,250,256,262,268,274,282,290,298,306,314,322,330,338,346,354,362,372,382,392,400,410,420,430,440,450,460,470,482,494,506,518,530,542,554,566,578,590,600,612,624,636,648,660,672,684,696,708,720,732,744,758,772,786,798,812,826,840,854,868,882,896,910,924,938,950,962,974,986,996,1008,1020,1032,1044,1056,1068,1080,1092,1104,1116,1128,1140,1152,1164,1174,1184,1192,1202,1212,1222,1232,1242,1252,1262,1272,1282,1292,1298,1306,1314,1322,1330,1338,1346,1354,1362,1370,1378,1384,1390,1396,1402,1408,1414,1420,1424,1430,1436,1442,1448,1452,1456,1460,1464,1468,1472,1476,1480,1484,1488,1492,1496,1500,1504,1506,1508,1510,1512,1514,1516,1518,1520,1522,1524,1526,1528,1530,1532,1534,1536,1538,1540,1542,1544,1546,1548,1550,1552,1554,1556,1558,1560,1562,1562,1564,1566,1566,1568,1570,1570,1570,1572,1572,1572,1574,1574,1574,1574,1574,1574,1574,1574,1574,1574,1576,1576
210,212,214,216,218,220,222,224,226,228,230,232,234,236,238,240,240,240,240,240,240,240,240,240,240,240,240,240,238,236,234,232,230,228,226,224,222,220,218,216,212,208,204,200,196,194,190,186,182,178,174,170,166,162,158,152,146,140,134,128,122,116,110,104,98,92,86,80,74,68,62,56,50,44,38,32,26,22,16,12,10,8,10,12,14,18,22,24,28,32,34,36,38,40,42,44,44,44,44,44,44,42,40,38,36,32,28,24,22,16,12,10,10,14,22,28,38,48,58,70,82,96,110,124,140,156,174,192,208,228,248,270,292,316,340,366,392,418,446,476,506,538,568,602,636,670,708,746,786,826,868,912,956,1002,1048,1096,1146,1196,1248,1300,1352,1408,1464,1522,1582,1642,1704,1766,1830,1894,1958,2026,2094,2166,2236,2308,2380,2454,2528,2604,2680,2758,2836,2916,2996,3076,3158,3240,3322,3406,3490,3574,3660,3746,3832,3918,4006,4092,4178,4266,4354,4442,4530,4620,4708,4796,4884,4972,5060,5148,5234,5320,5406,5492,5578,5662,5746,5828,5912,5994,6076,6156,6236,6316,6394,6472,6548,6624,6698,6774,6846,6918,6990,7060,7128,7198,7264,7328,7392,7456,7518,7578,7638,7696,7752,7808,7862,7914,7968,8018,8066,8116,8162,8206,8252,8294,8334,8376,8414,8452,8488,8524,8556,8588,8620,8650,8678,8706,8734,8758,8782,8806,8826,8846,8866,8884,8900,8916,8930,8944,8956,8968,8978,8988,8996,9002,9008,9010,9014,9016,9018,9018,9018,9014,9012,9008,9004,8998,8990,8982,8972,8960,8948,8934,8922,8908,8894,8876,8860,8842,8822,8802,8782,8758,8736,8712,8688,8660,8634,8606,8580,8550,8522,8490,8460,8428,8394,8362,8328,8292,8256,8220,8180,8142,8100,8058,8016,7970,7926,7880,7832,7784,7736,7686,7634,7582,7530,7474,7420,7364,7306,7250,7192,7134,7072,7012,6952,6888,6826,6764,6698,6634,6566,6500,6432,6366,6296,6226,6158,6088,6016,5946,5874,5802,5730,5658,5586,5516,5442,5366,5292,5218,5144,5070,4996,4922,4848,4774,4700,4626,4552,4478,4406,4334,4262,4190,4118,4046,3974,3904,3834,3764,3694,3626,3558,3490,3422,3354,3288,3222,3158,3094,3030,2966,2902,2840,2778,2716,2656,2598,2538,2480,2422,2364,2308,2252,2196,2142,2088,2036,1984,1934,1884,1834,1784,1736,1688,1642,1596,1550,1506,1462,1420,1378,1338,1298,1258,1220,1182,1144,1108,1074,1038,1004,970,936,906,874,844,814,784,756,728,702,676,650,624,600,576,552,530,510,488,468,448,428,410,392,374,356,340,324,310,296,282,268,254,242,230,218,206,194,184,174,164,154,144,136,128,120,112,104,98,92,86,80,76,70,64,60,56,52,48,44,38,36,32,30,28,28,26,24,22,20,18,18,16,16,16,16,16,16,16,16,16,16,16,16,16,16,16,16,16,16,16,16,16,16,16,16,16,16,16,16,16,16,16,16,18,18,18,18,18,18,18,20,20,20,22,22,22,24,26,28,28,30,34,34,36,38,40,42,44,46,48,50,52,54,56,58,60,62,64,66,68,70,72,74,76,78,80,82,84,86,88,92,96,100,104,108,112,116,120,124,128,132,136,140,144,148,152,158,164,170,176,182,188,194,200,206,212,220,228,236,244,252,260,268,276,284,292,302,312,322,334,344,354,364,374,386,398,410,422,434,446,458,470,482,496,510,524,538,552,566,582,596,610,626,642,658,674,690,706,722,738,754,772,788,804,820,836,852,868,884,900,920,938,954,972,990,1008,1026,1044,1062,1080,1098,1116,1134,1150,1168,1186,1204,1222,1240,1258,1276,1294,1310,1326,1340,1356,1372,1388,1404,1420,1436,1452,1466,1482,1496,1510,1522,1536,1550,1564,1576,1590,1604,1614,1626,1638,1650,1660,1672,1682,1692,1700,1710,1720,1730,1738,1746,1754,1762,1770,1776,1784,1790,1796,1800,1806,1812,1818,1820,1824,1828,1832,1836,1838,1840,1842,1844,1846,1846,1848,1850,1854,1854,1854,1854,1854,1854,1854,1856,1856,1856,1856,1854,1852,1850,1848,1846,1844,1842,1840,1838,1836,1834,1832,1830,1828,1826,1824,1822,1820,1818,1816,1814,1812,1812,1810,1808,1806,1804,1802,1802,1802,1802,1802,1802,1802,1802,1802,1802,1802,1802,1802,1802,1802,1802,1802,1802,1802,1802,1802,1802,1802
264,268,272,276,280,284,288,292,296,300,304,308,312,316,320,324,328,330,332,334,336,338,340,342,344,346,348,350,352,354,354,354,354,354,354,354,354,354,354,354,354,354,354,352,350,348,346,344,342,340,338,336,334,332,330,328,326,324,322,320,318,316,314,312,310,308,306,304,302,300,298,294,292,290,286,284,282,278,274,270,266,262,258,254,250,246,242,238,236,232,228,224,220,216,212,208,204,200,196,192,188,184,180,176,172,168,164,162,160,158,156,154,152,150,148,146,144,142,140,138,136,134,132,130,128,126,124,122,120,118,116,114,112,110,108,106,104,102,100,98,96,94,92,90,88,86,84,82,82,80,78,76,74,72,72,70,68,68,66,64,64,62,62,62,62,62,62,62,62,62,62,62,62,62,62,62,62,62,62,62,62,62,62,62,62,62,62,62,62,62,62,62,62,62,62,62,62,62,62,62,62,62,62,62,62,62,62,62,62,62,62,62,62,62,62,62,62,62,62,62,62,62,62,62,62,62,64,66,68,70,72,74,76,78,80,82,84,86,88,90,92,94,96,98,100,102,106,110,114,118,122,126,130,134,138,142,146,150,154,158,164,170,176,182,188,194,200,206,212,218,224,230,236,244,252,260,268,276,284,292,300,308,318,328,338,348,358,368,378,388,398,410,422,434,444,456,468,480,492,504,516,528,542,556,570,584,598,612,626,638,652,666,680,694,708,722,736,750,762,776,790,804,818,832,846,860,874,888,902,916,932,946,960,974,990,1006,1022,1038,1054,1070,1086,1102,1118,1134,1148,1164,1180,1196,1212,1228,1244,1260,1276,1292,1308,1322,1338,1354,1370,1386,1400,1416,1432,1448,1462,1478,1492,1508,1522,1536,1550,1564,1578,1592,1606,1620,1634,1648,1662,1676,1690,1704,1718,1732,1744,1758,1772,1786,1800,1814,1828,1842,1856,1870,1884,1898,1912,1926,1938,1952,1966,1980,1994,2008,2022,2036,2050,2064,2076,2090,2102,2114,2126,2138,2150,2162,2174,2186,2198,2210,2222,2232,2242,2252,2262,2272,2282,2292,2302,2310,2318,2326,2334,2342,2350,2356,2362,2368,2374,2380,2386,2390,2394,2398,2402,2406,2406,2408,2410,2412,2412,2412,2412,2414,2414,2412,2410,2410,2408,2404,2400,2396,2394,2388,2382,2376,2370,2364,2356,2348,2340,2332,2322,2312,2302,2294,2282,2270,2258,2248,2234,2220,2208,2194,2180,2164,2150,2134,2118,2102,2088,2070,2052,2036,2018,2000,1982,1966,1948,1928,1910,1890,1870,1850,1832,1812,1792,1772,1752,1732,1712,1692,1672,1650,1630,1608,1586,1564,1542,1520,1498,1476,1454,1434,1412,1390,1368,1346,1324,1302,1280,1258,1236,1216,1194,1172,1150,1128,1108,1088,1066,1048,1026,1006,986,966,946,926,906,886,868,850,832,814,796,778,760,742,722,704,688,672,656,640,624,608,590,574,560,546,532,518,504,490,476,462,448,436,424,412,400,388,376,364,354,344,334,324,314,304,294,284,276,268,260,252,246,238,232,226,222,216,210,204,198,192,188,184,180,176,172,168,164,160,156,154,152,150,148,146,144,142,140,138,136,134,132,132,132,132,132,132,132,132,132,132,132,132,132,132,132,132,132,132,132,132,132,132,132,132,132,132,132,132,132,134,134,134,136,136,136,138,138,138,140,140,142,142,144,144,146,148,148,150,150,152,152,154,156,156,158,158,160,162,162,164,164,166,166,168,168,170,172,172,174,174,176,176,178,178,180,180,182,182,180,182,182,184,184,184,186,186,186,188,188,188,188,188,188,188,188,188,188,188,188,188,188,188,188,188,188,188,188,188,188,188,188,188,188,188,190,190,190,190,190,190,190,190,190,190,190,190,190,190,190,190,190,192,192,192,192,192,194,194,194,196,196,198,198,198,200,200,202,202,204,204,206,206,208,208,210,210,212,214,214,216,216,218,220,220,222,224,226,226,228,230,232,232,234,236,236,236,238,240,242,242,244,246,248,248,250,252,252,254,256,256,258,258,260,260,262,262,262,262,262,262,264
202,206,210,214,218,222,226,230,234,236,236,238,240,242,244,246,248,250,252,254,256,258,260,262,264,266,266,266,266,266,266,266,266,266,266,266,266,266,266,266,266,266,266,266,266,266,264,262,260,258,256,254,252,250,248,246,244,242,240,238,236,236,234,232,230,228,226,224,222,220,218,216,214,212,210,208,206,204,202,200,198,196,194,192,190,188,186,184,182,180,178,176,174,172,170,168,166,164,162,160,158,156,154,152,150,148,146,144,142,140,138,136,134,132,130,128,126,124,122,122,120,118,116,114,112,112,110,108,108,106,104,104,102,102,100,100,98,98,96,94,94,94,92,92,90,90,88,88,88,86,86,84,84,84,82,82,82,82,80,80,80,80,78,78,78,78,76,76,76,76,74,74,74,74,72,72,72,72,70,70,70,70,70,68,68,68,68,68,68,68,68,68,68,68,68,68,68,68,68,68,68,68,68,68,68,68,68,68,68,68,68,68,68,68,68,68,68,68,68,68,68,68,68,68,68,68,68,68,68,68,68,68,68,68,68,68,68,68,68,68,68,68,68,68,68,68,68,68,68,68,68,68,68,68,68,68,68,70,70,70,70,70,70,70,70,70,70,70,70,70,70,70,70,70,70,70,70,70,70,70,70,70,70,70,70,70,70,70,70,70,70,70,70,70,70,70,70,70,70,70,70,72,72,72,72,72,72,72,72,72,72,72,72,72,72,72,72,72,72,72,72,72,72,72,72,72,72,72,72,72,72,72,72,72,72,72,72,72,72,72,72,72,72,72,72,72,74,74,74,74,74,74,74,74,74,74,74,74,74,74,74,74,74,74,74,74,74,74,76,76,76,76,76,76,76,76,76,76,76,76,76,76,78,78,78,78,78,78,78,78,78,78,78,78,80,80,80,80,80,80,80,80,82,82,82,82,82,82,82,82,84,84,84,84,84,84,86,86,86,86,86,86,88,88,88,88,88,90,90,90,90,92,92,92,92,94,94,94,94,96,96,96,98,98,98,100,100,100,102,102,102,104,104,104,106,106,106,108,108,108,110,110,112,112,112,114,114,116,116,116,118,118,118,118,120,120,120,122,122,122,124,124,124,126,126,126,126,128,128,128,130,130,132,132,132,134,134,136,136,136,138,138,140,140,142,142,144,144,146,146,148,148,150,152,152,154,154,156,158,158,160,162,164,164,166,168,170,170,172,174,176,178,180,182,184,186,188,190,192,194,196,196,196,196,196,196,196,196,196,196,196,196,196,196,196,196,196,196,196,196,196,196,196,196,196,196,196,196,196,196,196,196,196,196,196,196,196,196,196,196,196,196,196,196,196,196,196,196,196,194,194,194,194,192,192,192,190,190,190,188,188,186,186,184,184,182,182,180,180,178,178,176,176,174,172,172,170,170,168,166,166,164,162,162,160,158,158,156,154,154,152,152,150,150,148,148,148,148,148,148,148,148,148,148,148,148,148,148,148,148,148,148,148,148,148,148,148,148,148,148,148,148,148,148,148,148,148,148,148,148,148,148,148,148,148,148,148,148,148,148,148,148,148,148,148,148,148,148,148,148,148,148,148,148,148,148,148,148,148,148,148,148,148,148,148,148,148,148,148,148,148,148,148,148,148,148,148,148,148,148,148,148,148,148,148,148,148,148,148,148,146,146,146,146,144,144,144,142,142,142,140,140,138,138,136,136,134,134,132,132,130,128,128,126,126,124,122,122,120,118,118,118,116,114,112,112,110,110,110,110,110,110,110,110,110,110,110,110,110,110,110,110,110,110,110,110,110,110,110,110,110,110,110,110,110,110,110,110,110,110,110,110,110,110,110,110,110,110,110,110,110,110,110,110,110,110,110,110,110,110,110,110,110,110,110,110,110
