166,170,174,178,182,186,190,194,196,200,204,208,210,212,214,216,218,220,222,224,226,228,230,232,234,236,238,240,242,244,246,248,250,252,254,256,258,260,262,264,266,268,270,272,274,276,278,280,282,284,286,288,290,294,298,302,306,310,314,318,322,328,334,340,346,352,358,366,374,382,390,398,406,416,426,436,446,458,470,482,494,510,522,536,552,566,584,598,616,634,652,672,692,712,734,756,778,800,824,848,872,898,924,952,980,1008,1038,1066,1096,1128,1160,1192,1226,1260,1292,1328,1364,1400,1438,1474,1512,1552,1592,1632,1670,1712,1754,1796,1838,1880,1924,1968,2012,2058,2102,2148,2194,2240,2288,2334,2382,2430,2478,2526,2572,2620,2668,2716,2764,2812,2860,2910,2960,3010,3060,3108,3156,3202,3250,3298,3346,3394,3442,3490,3534,3580,3626,3672,3716,3760,3804,3848,3890,3930,3972,4012,4052,4092,4128,4166,4204,4240,4276,4308,4342,4374,4404,4434,4464,4490,4518,4544,4568,4592,4616,4636,4656,4676,4694,4710,4726,4740,4754,4766,4778,4788,4796,4804,4810,4814,4818,4820,4822,4822,4820,4818,4814,4808,4802,4794,4786,4776,4764,4752,4738,4724,4708,4692,4674,4656,4634,4614,4594,4572,4550,4526,4502,4476,4450,4424,4394,4366,4336,4306,4274,4244,4210,4178,4146,4110,4076,4040,4006,3968,3932,3896,3858,3822,3784,3746,3706,3668,3628,3590,3550,3510,3472,3432,3394,3354,3314,3276,3236,3196,3156,3118,3082,3044,3006,2968,2930,2892,2856,2820,2784,2748,2712,2678,2644,2610,2578,2546,2514,2482,2452,2422,2392,2364,2336,2308,2280,2252,2226,2200,2176,2152,2128,2106,2084,2062,2042,2022,2002,1982,1964,1946,1930,1914,1898,1882,1866,1852,1838,1826,1814,1800,1788,1778,1768,1756,1746,1738,1730,1722,1714,1704,1698,1692,1686,1680,1674,1666,1662,1658,1654,1652,1648,1644,1640,1638,1638,1636,1634,1632,1630,1628,1626,1624,1622,1620,1618,1618,1616,1614,1612,1610,1608,1606,1606,1604,1604,1604,1604,1604,1604,1604,1604,1602,1600,1596,1594,1592,1590,1588,1586,1584,1582,1580,1578,1576,1574,1570,1566,1562,1558,1554,1550,1546,1542,1536,1530,1524,1518,1512,1506,1500,1494,1486,1478,1470,1462,1456,1448,1440,1432,1424,1416,1406,1396,1386,1376,1366,1356,1346,1336,1326,1316,1306,1296,1286,1276,1266,1258,1248,1238,1226,1214,1202,1190,1178,1166,1154,1142,1130,1118,1106,1096,1086,1074,1064,1054,1044,1036,1026,1016,1006,1000,992,984,976,970,962,956,950,946,940,934,930,926,924,920,918,916,914,914,914,914,914,916,920,922,926,930,934,942,948,956,964,972,982,992,1006,1018,1032,1046,1060,1076,1092,1110,1130,1150,1170,1192,1214,1236,1260,1284,1310,1336,1364,1392,1420,1450,1482,1514,1548,1582,1616,1652,1690,1728,1766,1806,1844,1886,1928,1970,2014,2060,2104,2150,2196,2244,2290,2340,2390,2440,2492,2542,2596,2648,2702,2756,2810,2866,2920,2976,3034,3090,3146,3202,3260,3318,3376,3434,3492,3550,3608,3670,3730,3790,3850,3912,3972,4032,4094,4152,4210,4268,4328,4386,4442,4500,4556,4612,4668,4722,4776,4830,4882,4934,4986,5036,5084,5134,5182,5228,5276,5320,5364,5408,5450,5494,5534,5574,5612,5650,5686,5722,5754,5788,5820,5852,5884,5912,5942,5970,5996,6022,6046,6068,6090,6110,6130,6148,6166,6182,6198,6212,6226,6236,6248,6256,6266,6274,6280,6286,6290,6294,6296,6298,6296,6296,6292,6288,6284,6280,6272,6266,6258,6248,6238,6228,6214,6200,6186,6168,6152,6134,6116,6096,6076,6054,6032,6010,5986,5962,5936,5910,5884,5856,5828,5800,5770,5740,5708,5676,5644,5612,5578,5544,5510,5474,5438,5404,5368,5330,5292,5254,5218,5178,5138,5098,5058,5020,4978,4936,4894,4852,4812,4770,4726,4682,4638,4596,4552,4508,4464,4422,4376,4330,4284,4238,4192,4146,4100,4054,4008,3962,3916,3870,3824,3780,3734,3688,3644,3598,3554,3508,3464,3418,3372,3330,3286,3244,3200,3158,3114,3070,3028,2984,2944,2902,2860,2820,2778,2738,2698,2658,2620,2580,2542,2504,2466,2430,2392,2358,2322,2286,2252,2218,2184,2152,2118,2088,2056,2024,1994,1964,1934,1904,1876,1848,1820,1794,1768,1742,1716,1694,1670,1646,1622,1602,1580,1558,1538,1518,1498,1480,1462,1444,1428,1412,1398,1382,1368,1354,1340,1328,1316,1304,1292,1282,1272,1262,1254,1246,1238,1230,1224,1218,1214,1208,1202,1198,1194,1190,1186,1184,1182,1180,1178,1176,1174,1174,1174,1174,1174,1174,1174,1174,1174,1174,1174,1174,1174,1174
32,34,34,36,38,40,42,44,46,48,50,52,54,56,58,60,62,64,66,68,70,72,74,76,78,80,84,88,92,96,100,104,108,112,116,118,124,130,136,142,148,154,162,170,178,186,194,206,216,226,236,248,260,272,286,300,314,328,344,360,376,394,414,432,452,472,494,516,538,562,586,612,638,666,696,724,754,784,816,848,882,916,952,988,1026,1066,1106,1148,1190,1234,1278,1324,1370,1418,1466,1516,1568,1620,1674,1728,1784,1840,1896,1956,2014,2074,2136,2200,2262,2326,2394,2458,2526,2594,2662,2732,2802,2872,2944,3016,3090,3164,3238,3310,3386,3462,3538,3614,3690,3764,3840,3916,3992,4068,4144,4220,4294,4370,4446,4520,4596,4670,4746,4820,4892,4966,5040,5110,5182,5252,5322,5392,5460,5528,5594,5660,5724,5790,5852,5914,5976,6036,6096,6154,6212,6270,6324,6378,6430,6482,6532,6582,6628,6676,6720,6762,6806,6846,6886,6924,6960,6998,7032,7064,7096,7126,7154,7180,7208,7232,7254,7274,7296,7314,7330,7348,7362,7374,7388,7398,7406,7416,7422,7428,7436,7440,7442,7446,7446,7444,7444,7440,7436,7430,7422,7414,7404,7394,7382,7370,7356,7342,7326,7310,7292,7274,7256,7234,7214,7196,7174,7154,7134,7110,7088,7066,7042,7018,6994,6970,6944,6920,6896,6870,6842,6816,6790,6762,6736,6708,6680,6650,6622,6592,6564,6536,6504,6474,6442,6412,6380,6348,6318,6286,6254,6224,6190,6156,6122,6090,6056,6022,5988,5954,5920,5886,5850,5814,5778,5742,5706,5670,5632,5594,5556,5518,5480,5442,5404,5364,5324,5282,5242,5202,5160,5118,5074,5032,4990,4948,4904,4858,4814,4770,4726,4680,4634,4586,4540,4494,4446,4398,4348,4300,4252,4200,4150,4100,4050,4000,3950,3896,3844,3792,3740,3688,3638,3586,3536,3484,3434,3382,3330,3276,3224,3170,3118,3064,3010,2958,2904,2850,2798,2744,2690,2638,2588,2536,2484,2432,2382,2330,2280,2230,2180,2132,2082,2032,1984,1936,1888,1840,1794,1748,1702,1658,1614,1570,1528,1486,1444,1406,1366,1328,1290,1252,1216,1180,1144,1110,1076,1044,1010,978,948,918,888,860,832,804,778,752,726,700,676,652,628,608,586,564,544,524,504,486,468,450,434,420,404,390,376,362,350,338,326,316,306,296,286,278,270,262,254,248,242,236,232,228,224,220,216,212,210,208,206,204,204,204,204,204,204,206,208,210,212,214,216,220,224,226,230,234,238,242,248,254,260,264,270,276,282,288,294,302,310,318,326,334,342,350,358,366,374,382,392,400,410,420,430,440,450,460,470,480,490,500,510,520,530,540,550,560,570,580,590,598,608,618,628,638,648,658,668,678,688,700,710,720,732,742,752,764,776,786,794,804,814,824,834,844,854,864,874,884,894,904,914,924,934,944,952,962,972,982,992,1002,1012,1020,1028,1034,1042,1050,1058,1066,1074,1082,1090,1098,1104,1110,1116,1122,1128,1134,1140,1146,1150,1154,1158,1162,1166,1170,1174,1178,1180,1182,1184,1186,1188,1190,1192,1192,1194,1194,1194,1194,1194,1194,1192,1190,1188,1186,1184,1182,1180,1178,1174,1170,1166,1162,1158,1154,1150,1146,1140,1134,1128,1122,1116,1110,1104,1098,1092,1086,1080,1074,1068,1062,1054,1046,1038,1030,1022,1014,1006,998,990,982,974,966,958,950,942,934,926,918,910,902,894,886,878,870,862,854,848,842,836,830,824,818,812,806,800,794,788,784,780,776,772,768,764,760,756,752,748,744,742,740,738,736,734,732,730,728,726,724,722,720,718,716,714,712,710,710,708,708,706,704,704,702,702,700,700,700,698,696,694,692,690,688,686,684,682,680,678,676,674,672,670,668,666,664,662,660,658,656,652,648,644,640,636,632,628,624,620,616,612,608,604,600,596,592,588,584,580,576,572,568,564,560,556,552,546,542,536,530,526,520,514,508,502,496,490,484,478,472,466,460,454,448,442,436,430,424,418,412,408,404,400,396,394,390,386,382,378,374,370,366,362,358,354,350,346,342,338,334,332,330,328,326,324,322,320,318,316,314,312,310,310,308,306,304,302,300,298,298,298,298,298,298,298,298,298,298,298,298,298,298,298,298,298,298,298,298,298,298,298,298,298,298,298,298,298,298,298,298,298
202,206,212,216,222,226,230,234,238,242,246,250,254,258,262,266,270,274,276,280,284,288,292,296,300,304,308,312,316,320,324,328,332,336,340,344,348,352,356,360,364,368,372,376,382,386,390,394,398,402,406,410,414,418,422,426,430,434,436,440,444,448,452,456,460,464,468,470,474,478,480,482,484,486,488,490,492,494,496,498,500,502,504,506,508,510,512,514,516,518,520,522,524,526,528,530,532,534,536,538,540,542,544,546,548,550,552,552,552,552,552,552,552,552,552,552,552,552,552,552,552,552,552,552,552,552,552,552,552,552,552,552,552,552,552,552,552,552,552,552,552,552,552,552,552,550,548,546,544,542,540,538,536,534,532,530,528,526,524,522,520,518,516,514,512,510,508,506,504,502,500,498,496,494,492,490,488,486,484,482,480,478,476,474,474,474,474,474,474,474,474,474,474,474,476,476,476,476,476,476,476,476,476,476,476,476,476,476,476,478,478,480,482,484,486,488,490,492,494,496,498,500,502,504,508,508,510,512,516,518,520,522,524,526,528,530,532,534,536,538,540,542,544,546,548,550,552,554,556,558,560,562,564,568,572,576,580,584,588,592,596,600,604,608,612,616,620,624,630,636,642,648,654,660,666,672,678,684,690,696,704,712,720,728,736,744,750,758,766,774,784,794,804,814,824,834,844,854,864,874,884,894,904,914,924,934,942,952,962,972,982,992,1002,1012,1024,1034,1044,1056,1066,1078,1088,1100,1108,1120,1132,1144,1154,1166,1178,1190,1202,1212,1222,1234,1246,1258,1268,1280,1290,1302,1312,1324,1336,1346,1356,1366,1376,1386,1394,1404,1414,1424,1432,1442,1452,1462,1470,1480,1490,1500,1508,1518,1528,1538,1548,1558,1568,1578,1588,1600,1610,1620,1630,1640,1650,1660,1672,1682,1692,1702,1712,1722,1734,1744,1754,1764,1774,1784,1794,1806,1816,1826,1836,1846,1856,1866,1876,1886,1896,1906,1916,1926,1934,1944,1954,1964,1974,1984,1994,2004,2014,2024,2034,2044,2054,2064,2074,2084,2094,2104,2114,2124,2132,2142,2152,2162,2172,2182,2192,2202,2212,2222,2232,2242,2252,2262,2272,2282,2292,2302,2312,2322,2330,2340,2350,2360,2370,2380,2390,2400,2410,2420,2430,2440,2450,2460,2470,2480,2490,2500,2510,2520,2530,2542,2554,2566,2578,2590,2604,2616,2630,2644,2658,2672,2686,2702,2720,2736,2754,2772,2790,2810,2830,2850,2872,2894,2918,2944,2970,2996,3024,3052,3082,3112,3144,3176,3210,3244,3280,3316,3354,3392,3432,3472,3514,3556,3600,3644,3690,3738,3786,3834,3884,3934,3986,4038,4092,4144,4198,4254,4310,4366,4424,4482,4538,4596,4654,4714,4772,4832,4892,4950,5010,5070,5128,5188,5248,5308,5366,5426,5484,5540,5598,5656,5714,5768,5824,5878,5932,5984,6038,6088,6140,6190,6238,6286,6332,6378,6422,6466,6510,6550,6592,6630,6668,6706,6740,6774,6806,6838,6868,6896,6924,6950,6974,6998,7020,7038,7058,7076,7092,7106,7118,7130,7140,7148,7154,7160,7164,7166,7166,7168,7166,7162,7156,7150,7144,7134,7124,7114,7100,7088,7072,7056,7038,7020,7000,6980,6956,6932,6906,6882,6854,6826,6796,6768,6738,6706,6674,6640,6606,6570,6534,6496,6456,6418,6378,6338,6296,6252,6210,6164,6120,6074,6026,5980,5932,5882,5834,5782,5732,5680,5628,5574,5522,5466,5412,5356,5300,5244,5190,5136,5082,5028,4972,4914,4858,4802,4746,4690,4632,4576,4520,4462,4406,4350,4290,4232,4172,4114,4056,4000,3942,3884,3828,3770,3712,3654,3598,3540,3484,3430,3374,3318,3262,3206,3154,3100,3046,2992,2938,2886,2834,2782,2730,2680,2630,2580,2532,2484,2436,2388,2342,2296,2250,2208,2164,2120,2078,2036,1994,1954,1914,1874,1836,1798,1760,1724,1688,1654,1618,1584,1552,1520,1488,1458,1428,1400,1372,1344,1318,1292,1266,1244,1220,1196,1176,1154,1132,1112,1092,1072,1054,1036,1020,1004,988,972,956,942,928,914,902,890,878,866,856,846,836,828,818,810,802,794,786,778,772,766,760,754,748,744,740,736,732,728,724,720,716,714,712,710,708,706,704,702,700,698,698,698,698,698,698,698,698,698,698,698,698,698,698,698,698,698,698,698,698,698,698,698,698,698,698,698,698,698,700,700,700,700,700,700,700,700,700,700,702
182,186,188,190,192,194,196,198,200,202,204,206,208,210,212,214,216,218,220,222,224,226,228,230,232,234,236,236,238,240,242,244,246,248,248,250,252,252,254,254,256,256,256,256,256,256,256,258,260,262,264,266,268,270,272,274,276,278,280,282,284,286,288,292,296,300,304,308,312,316,320,324,330,336,342,348,354,360,366,374,382,390,398,406,416,426,436,446,456,470,480,492,506,518,534,548,562,578,594,610,626,644,662,680,700,720,740,760,782,804,826,850,874,898,924,950,976,1002,1030,1058,1086,1116,1146,1178,1208,1240,1272,1304,1338,1372,1406,1440,1476,1512,1548,1584,1620,1658,1696,1734,1772,1810,1850,1890,1930,1970,2010,2052,2094,2136,2178,2220,2262,2304,2346,2390,2434,2478,2522,2566,2610,2654,2698,2742,2786,2830,2872,2916,2960,3004,3048,3092,3136,3180,3224,3266,3308,3348,3390,3432,3474,3516,3554,3594,3634,3674,3714,3750,3788,3826,3864,3900,3936,3970,4006,4040,4072,4106,4138,4168,4198,4226,4256,4284,4310,4338,4364,4388,4412,4436,4458,4480,4502,4522,4540,4558,4574,4592,4606,4622,4634,4648,4658,4670,4680,4690,4700,4706,4714,4718,4724,4728,4732,4736,4736,4738,4736,4736,4736,4732,4730,4724,4720,4714,4706,4700,4692,4684,4676,4666,4656,4644,4632,4620,4606,4590,4576,4560,4542,4524,4506,4486,4466,4446,4424,4402,4378,4354,4330,4306,4280,4252,4224,4196,4166,4136,4108,4076,4044,4012,3980,3946,3912,3880,3846,3810,3774,3738,3704,3666,3628,3590,3552,3516,3476,3436,3396,3356,3318,3278,3238,3198,3158,3120,3078,3036,2994,2952,2912,2870,2828,2786,2746,2708,2668,2628,2588,2548,2510,2470,2432,2394,2356,2320,2282,2246,2210,2174,2138,2106,2072,2038,2006,1974,1944,1916,1886,1858,1830,1802,1776,1750,1728,1704,1682,1660,1640,1620,1604,1586,1570,1554,1540,1526,1514,1504,1496,1488,1480,1474,1468,1464,1462,1460,1460,1460,1462,1464,1468,1474,1480,1490,1496,1506,1516,1528,1540,1554,1570,1586,1604,1622,1642,1662,1684,1706,1730,1752,1778,1804,1832,1860,1890,1920,1950,1982,2016,2050,2086,2122,2158,2196,2234,2274,2314,2354,2396,2438,2482,2524,2568,2612,2658,2704,2748,2796,2844,2892,2938,2986,3036,3086,3134,3184,3234,3284,3332,3382,3432,3480,3530,3580,3632,3682,3734,3784,3834,3882,3932,3982,4030,4080,4128,4178,4226,4274,4320,4368,4414,4462,4506,4550,4596,4640,4686,4730,4776,4820,4862,4904,4946,4988,5030,5070,5110,5148,5186,5226,5262,5298,5334,5370,5404,5436,5468,5500,5530,5562,5590,5618,5646,5672,5698,5722,5744,5766,5788,5810,5830,5850,5868,5886,5900,5916,5930,5944,5956,5968,5980,5990,5998,6008,6016,6024,6028,6034,6040,6044,6046,6048,6050,6052,6052,6050,6048,6046,6044,6040,6036,6028,6022,6016,6008,6000,5990,5980,5970,5960,5948,5934,5920,5906,5892,5876,5858,5842,5822,5802,5782,5762,5740,5716,5694,5668,5642,5616,5588,5562,5532,5504,5472,5442,5410,5378,5344,5310,5276,5240,5204,5166,5130,5090,5052,5014,4972,4932,4892,4848,4806,4764,4720,4678,4632,4588,4544,4498,4454,4410,4362,4316,4268,4220,4174,4126,4080,4032,3986,3938,3890,3842,3796,3748,3700,3652,3604,3556,3508,3460,3412,3364,3316,3270,3224,3178,3132,3084,3038,2992,2948,2904,2860,2814,2770,2726,2684,2640,2598,2556,2514,2470,2430,2388,2348,2308,2266,2228,2190,2150,2112,2074,2038,2002,1964,1928,1894,1860,1824,1790,1756,1724,1692,1658,1626,1594,1564,1534,1504,1474,1444,1416,1388,1360,1332,1304,1278,1254,1228,1202,1176,1152,1130,1106,1082,1058,1036,1014,992,970,948,928,908,888,868,848,828,810,792,774,756,740,722,706,690,674,658,642,626,612,598,584,570,556,544,532,518,508,496,482,472,462,450,440,432,420,410,402,394,386,378,370,362,354,350,344,338,332,326,320,316,310,306,302,298,294,290,286,282,278,276,274,272,270,268,266,264,262,260,258,258,258,258,258,258,258,258,258,258,258,258,258,258,258,258,258,258,258,258,258,258,258,258,258,258,258,258,258,260,260,262,262,264,264,266,266,268,270,270,272,274,276,276,278,280,282,284,284,286,288,290,292,292,294,296,298,298,300,302,304,306,306,308,310,310,312,314,314,316,316,318,318,318,320,320,320,322,322,322,324,324,324,324,324,324,324,324,324,326
200,204,208,212,216,220,224,228,232,236,240,244,248,252,256,260,264,268,272,276,278,282,286,290,294,298,300,302,304,306,308,310,312,314,316,318,320,322,324,326,328,330,332,334,336,338,340,342,344,346,348,350,352,354,356,358,360,362,364,366,370,374,378,382,386,390,394,398,402,406,410,414,418,420,426,432,438,444,450,456,462,468,474,480,486,492,498,506,514,522,530,538,546,554,562,570,578,586,594,602,610,620,630,640,650,660,670,680,690,700,710,720,730,740,750,760,770,780,790,800,810,820,830,840,850,860,870,880,890,900,910,920,930,940,950,960,970,978,986,994,1004,1012,1020,1028,1036,1044,1052,1058,1064,1070,1076,1082,1088,1094,1100,1106,1110,1114,1118,1122,1126,1130,1134,1138,1140,1142,1144,1146,1148,1150,1152,1154,1154,1154,1154,1152,1152,1152,1152,1152,1150,1150,1148,1146,1144,1142,1138,1136,1134,1132,1130,1126,1124,1122,1120,1118,1116,1114,1114,1112,1110,1108,1106,1106,1104,1102,1100,1100,1098,1096,1094,1092,1092,1090,1088,1086,1084,1084,1082,1082,1082,1082,1084,1084,1084,1084,1084,1088,1090,1092,1094,1096,1100,1106,1110,1114,1118,1124,1132,1138,1144,1150,1158,1166,1176,1184,1194,1204,1214,1224,1236,1248,1260,1272,1286,1300,1314,1328,1344,1360,1376,1392,1408,1424,1442,1460,1478,1496,1514,1534,1554,1574,1594,1612,1632,1652,1672,1692,1712,1732,1752,1774,1794,1814,1834,1854,1874,1894,1914,1934,1954,1974,1994,2012,2032,2052,2070,2086,2104,2122,2140,2154,2170,2186,2202,2214,2228,2242,2254,2266,2278,2290,2298,2308,2318,2326,2332,2340,2348,2354,2360,2364,2368,2372,2376,2376,2378,2380,2380,2380,2380,2378,2376,2374,2370,2366,2362,2356,2350,2344,2338,2330,2322,2314,2306,2298,2288,2278,2268,2258,2246,2234,2222,2212,2200,2188,2174,2162,2148,2134,2122,2108,2094,2080,2068,2054,2040,2026,2014,2000,1986,1972,1960,1946,1932,1920,1906,1892,1878,1864,1852,1840,1828,1816,1804,1792,1780,1768,1758,1748,1738,1730,1720,1708,1698,1688,1680,1672,1664,1654,1646,1638,1630,1622,1614,1608,1600,1594,1588,1582,1576,1570,1562,1556,1550,1544,1538,1532,1524,1518,1512,1506,1500,1494,1486,1480,1474,1468,1462,1456,1448,1442,1436,1428,1420,1412,1402,1394,1386,1378,1370,1362,1352,1344,1334,1324,1314,1304,1294,1286,1276,1266,1256,1248,1238,1228,1218,1210,1198,1186,1174,1164,1152,1140,1128,1116,1104,1092,1080,1068,1058,1046,1034,1022,1010,998,986,974,962,950,938,926,914,902,890,878,866,858,848,838,828,818,808,798,788,778,768,758,748,738,730,722,712,706,696,688,680,672,664,656,648,642,636,630,624,618,610,604,598,592,586,580,574,570,566,562,558,554,550,546,542,538,534,530,526,522,518,516,514,512,512,510,508,506,504,502,500,498,496,494,492,490,488,486,484,482,480,478,476,474,472,470,468,466,466,466,466,466,466,466,466,466,466,466,466,466,466,466,466,466,466,466,466,468,470,472,474,476,478,480,482,484,486,490,494,498,502,506,510,514,518,522,528,534,540,546,552,558,564,570,576,584,592,600,608,616,624,632,640,650,660,670,680,690,700,710,720,730,740,752,764,776,788,798,810,822,834,846,858,870,882,896,910,924,938,952,966,980,992,1006,1020,1034,1048,1062,1076,1090,1106,1122,1138,1154,1170,1184,1200,1216,1232,1248,1264,1280,1296,1312,1328,1344,1360,1376,1390,1406,1422,1438,1454,1470,1488,1504,1520,1538,1554,1570,1588,1606,1624,1640,1658,1676,1694,1710,1726,1742,1758,1774,1790,1806,1822,1838,1856,1872,1888,1904,1920,1936,1952,1966,1978,1992,2006,2020,2034,2048,2062,2076,2090,2102,2114,2126,2138,2150,2162,2172,2184,2196,2206,2216,2226,2236,2246,2254,2264,2274,2282,2290,2296,2304,2312,2320,2328,2336,2344,2350,2358,2364,2370,2376,2382,2388,2394,2400,2408,2410,2416,2420,2424,2428,2432,2436,2442,2446,2450,2454,2456,2458,2460,2464,2466,2468,2470,2472,2476,2478,2480,2482,2484,2486,2488,2490,2492,2494,2496,2498,2500,2502,2504,2506,2508,2510,2512,2514,2516,2516,2518,2518,2518,2518,2518,2518,2518,2518,2518,2518,2518,2518,2518,2518,2518,2518,2518,2518,2518,2518,2518,2518,2518,2518,2518,2518,2518,2518,2518,2518,2518
2476,2550,2624,2700,2776,2852,2928,3006,3084,3162,3242,3320,3400,3480,3560,3640,3718,3798,3878,3960,4042,4122,4202,4282,4362,4442,4520,4600,4680,4760,4838,4914,4992,5070,5148,5224,5298,5374,5448,5522,5596,5668,5738,5810,5878,5948,6018,6084,6152,6220,6284,6350,6414,6476,6538,6598,6658,6716,6774,6830,6886,6940,6994,7046,7098,7148,7198,7248,7296,7340,7386,7430,7474,7516,7556,7596,7634,7670,7706,7740,7772,7804,7834,7862,7890,7916,7942,7966,7988,8010,8030,8048,8068,8084,8100,8114,8128,8140,8152,8160,8170,8178,8186,8192,8198,8200,8204,8208,8208,8210,8208,8208,8206,8204,8200,8196,8190,8184,8178,8170,8164,8154,8144,8134,8124,8112,8100,8086,8074,8060,8046,8030,8016,7998,7980,7964,7944,7926,7906,7886,7866,7842,7820,7796,7772,7746,7722,7694,7668,7642,7614,7584,7556,7526,7496,7466,7434,7404,7370,7336,7304,7268,7234,7198,7160,7124,7086,7046,7006,6966,6926,6884,6842,6800,6758,6714,6670,6624,6578,6534,6488,6440,6392,6346,6298,6250,6200,6152,6102,6052,6002,5952,5900,5848,5796,5746,5694,5642,5590,5538,5484,5430,5378,5324,5270,5218,5164,5110,5058,5004,4952,4898,4846,4792,4740,4686,4634,4580,4528,4474,4424,4372,4320,4270,4218,4168,4118,4070,4020,3972,3922,3876,3828,3782,3734,3690,3644,3600,3554,3510,3468,3424,3384,3342,3302,3262,3222,3182,3142,3106,3068,3030,2994,2958,2922,2886,2852,2818,2784,2750,2718,2686,2654,2622,2592,2562,2532,2502,2472,2444,2416,2388,2360,2332,2306,2280,2252,2226,2200,2174,2148,2124,2100,2076,2052,2028,2004,1980,1956,1932,1908,1886,1864,1842,1820,1798,1776,1754,1732,1710,1688,1666,1644,1622,1604,1584,1564,1544,1524,1504,1484,1464,1444,1424,1406,1386,1366,1346,1326,1308,1290,1272,1254,1236,1220,1202,1184,1166,1148,1130,1112,1096,1080,1064,1048,1032,1018,1002,986,970,956,942,928,914,900,886,872,858,846,834,824,812,800,788,776,766,756,746,736,726,716,706,698,690,682,674,666,658,650,644,638,632,628,622,616,610,606,602,598,594,590,586,582,580,578,576,574,572,570,568,566,564,564,564,564,564,564,564,564,564,564,564,564,566,566,568,570,572,574,576,578,580,582,584,586,588,590,594,598,602,606,610,614,618,622,626,628,632,636,640,644,648,652,656,660,664,668,672,674,678,684,690,696,702,708,714,720,726,732,738,744,750,756,762,768,774,780,786,792,798,804,810,816,822,828,834,840,846,852,858,864,870,876,882,888,894,900,906,910,916,922,928,934,940,946,952,958,964,970,976,982,988,994,1000,1006,1012,1018,1024,1028,1034,1040,1046,1052,1058,1064,1068,1074,1080,1084,1090,1094,1100,1104,1110,1114,1118,1124,1128,1132,1136,1142,1146,1150,1154,1158,1164,1168,1172,1176,1180,1184,1188,1192,1196,1200,1206,1210,1214,1218,1222,1226,1230,1234,1238,1242,1246,1250,1254,1258,1264,1266,1270,1274,1278,1284,1288,1292,1298,1302,1306,1312,1316,1322,1326,1330,1336,1340,1346,1352,1356,1362,1366,1372,1378,1382,1388,1394,1398,1404,1410,1414,1420,1426,1432,1436,1442,1448,1454,1460,1464,1470,1476,1482,1488,1494,1500,1506,1512,1518,1524,1530,1536,1542,1548,1554,1560,1566,1572,1578,1584,1588,1592,1596,1600,1604,1608,1612,1616,1620,1624,1628,1632,1636,1640,1644,1648,1652,1656,1658,1660,1660,1662,1664,1666,1668,1670,1674,1676,1678,1680,1680,1680,1680,1680,1680,1680,1680,1680,1678,1676,1674,1672,1670,1668,1666,1664,1660,1656,1652,1648,1644,1640,1636,1630,1624,1618,1612,1606,1600,1594,1586,1578,1570,1562,1554,1546,1538,1530,1520,1510,1500,1492,1482,1472,1462,1452,1442,1432,1420,1408,1396,1384,1372,1360,1348,1336,1324,1312,1302,1290,1278,1266,1254,1242,1230,1218,1206,1194,1182,1170,1158,1144,1132,1120,1106,1096,1082,1070,1056,1042,1028,1016,1004,992,980,968,956,944,932,920,908,898,886,874,862,850,838,826,814,802,790,778,768,758,748,738,728,718,710,700,690,680,670,660,650,642,634,626,618,610,602,594,586,578,570,562,554,548,542,536,530,524,518,512,508,502,496,490,486,482,478,474,470,466,462,458,454,450,446,444,442,440,438,436,434,432,430,428,426,424,422,420,420,420,420,420,420,420,420,420,420,420,420,420,420,420,420,420,420,420,420,420,420,420,420,420,420
654,684,714,748,780,814,848,884,920,956,994,1032,1070,1110,1150,1190,1232,1274,1316,1360,1404,1448,1494,1538,1584,1630,1678,1726,1772,1820,1870,1920,1968,2018,2070,2122,2172,2224,2276,2328,2380,2434,2488,2540,2594,2646,2700,2752,2806,2858,2912,2964,3018,3072,3124,3178,3230,3284,3336,3390,3442,3494,3544,3594,3646,3696,3748,3798,3848,3898,3948,3996,4044,4092,4140,4186,4232,4278,4324,4368,4412,4456,4498,4540,4582,4624,4664,4704,4744,4782,4820,4858,4894,4930,4966,5000,5034,5068,5102,5134,5166,5196,5226,5256,5284,5312,5340,5366,5392,5418,5442,5466,5490,5512,5534,5556,5576,5596,5616,5632,5650,5664,5680,5696,5708,5722,5734,5746,5760,5770,5780,5790,5798,5806,5814,5820,5824,5830,5832,5836,5838,5838,5840,5838,5838,5836,5832,5830,5824,5820,5814,5806,5798,5790,5780,5768,5756,5746,5732,5718,5702,5686,5670,5652,5634,5614,5594,5574,5554,5532,5510,5486,5462,5436,5408,5380,5352,5324,5294,5264,5234,5202,5170,5136,5102,5066,5030,4994,4958,4920,4880,4842,4802,4762,4722,4678,4636,4594,4548,4504,4460,4414,4366,4322,4278,4230,4184,4138,4090,4044,3994,3946,3898,3848,3798,3750,3700,3652,3600,3550,3498,3446,3396,3344,3292,3240,3190,3138,3086,3036,2984,2932,2880,2830,2778,2726,2674,2626,2576,2526,2476,2426,2376,2328,2278,2230,2182,2134,2086,2038,1992,1946,1900,1854,1810,1766,1722,1678,1636,1594,1552,1510,1470,1430,1390,1352,1314,1276,1240,1206,1170,1136,1104,1070,1038,1006,978,948,918,890,862,836,812,786,762,738,714,692,670,650,630,614,596,578,562,546,532,518,504,492,480,470,460,450,442,434,430,424,418,414,410,406,404,402,402,402,402,404,406,408,412,416,420,426,432,436,444,452,460,470,480,492,504,516,528,542,556,570,586,602,618,634,652,670,688,708,728,748,768,790,810,832,854,878,902,924,948,972,998,1024,1048,1074,1100,1128,1156,1184,1212,1238,1266,1296,1326,1356,1386,1416,1444,1474,1504,1534,1566,1598,1628,1660,1692,1724,1756,1788,1818,1850,1882,1914,1946,1978,2010,2040,2072,2104,2136,2170,2202,2232,2266,2300,2334,2368,2402,2434,2468,2502,2536,2570,2604,2636,2670,2704,2736,2768,2800,2830,2862,2894,2926,2958,2990,3020,3052,3082,3112,3142,3172,3202,3230,3260,3288,3316,3344,3372,3400,3426,3452,3478,3504,3530,3556,3580,3604,3628,3650,3672,3694,3714,3734,3754,3774,3794,3812,3828,3844,3860,3872,3886,3900,3912,3924,3936,3946,3956,3966,3974,3982,3988,3992,3998,4002,4006,4010,4010,4012,4014,4014,4014,4010,4008,4006,4002,3996,3994,3988,3982,3978,3970,3962,3954,3946,3936,3926,3914,3904,3892,3878,3864,3852,3836,3820,3804,3788,3770,3752,3734,3714,3696,3676,3656,3634,3612,3590,3568,3544,3520,3498,3474,3450,3426,3400,3374,3348,3322,3298,3272,3246,3218,3190,3162,3134,3108,3080,3052,3024,2996,2968,2940,2912,2884,2856,2828,2798,2770,2742,2712,2682,2652,2622,2592,2562,2534,2506,2478,2450,2422,2394,2366,2338,2310,2282,2254,2228,2200,2174,2146,2118,2092,2064,2038,2014,1988,1962,1936,1912,1886,1860,1836,1810,1784,1758,1734,1708,1682,1658,1634,1610,1586,1562,1538,1516,1492,1468,1444,1420,1398,1376,1354,1334,1312,1290,1268,1246,1224,1202,1182,1162,1142,1124,1104,1084,1064,1044,1024,1006,988,970,952,934,916,898,882,866,850,834,818,802,786,772,758,744,730,714,700,686,674,662,650,638,626,614,602,592,582,572,562,552,542,534,526,518,510,502,494,486,480,474,470,464,458,452,446,440,436,432,428,424,420,416,412,408,406,404,402,400,398,396,394,392,390,390,390,390,390,390,390,390,390,390,390,390,392,394,396,398,400,402,404,406,408,410,412,414,416,418,420,422,424,426,428,430,432,434,436,440,442,444,446,450,452,454,456,458,460,462,464,466,468,470,472,474,474,476,478,480,482,484,486,488,490,492,494,496,500,502,504,506,508,510,512,514,516,518,520,522,524,526,528,530,532,534,536,538,538,540,542,544,546,548,548,550,550,552,554,554,556,556,556,556,556,556,556,556,556,556,556,556,556,556,556,556,556,556,556,556,556,556,558,558,558,558,558,558,558,558,558,558,558,558,558,558,558,558,558,558,558,558,558,558,558,558,558,558,558,558
278,292,306,318,332,346,362,378,394,410,426,442,460,478,496,512,530,548,568,588,608,628,648,670,692,712,734,756,778,802,826,850,874,898,922,948,974,1000,1026,1050,1078,1106,1132,1160,1188,1216,1246,1276,1304,1334,1364,1394,1426,1458,1488,1520,1552,1584,1616,1650,1684,1718,1752,1786,1820,1854,1888,1922,1956,1990,2024,2058,2092,2126,2160,2194,2228,2262,2296,2330,2366,2400,2434,2468,2502,2534,2566,2598,2630,2662,2694,2726,2756,2786,2816,2846,2876,2904,2932,2960,2988,3014,3040,3066,3092,3116,3140,3164,3188,3208,3230,3252,3272,3292,3310,3328,3346,3362,3378,3394,3410,3422,3436,3448,3460,3468,3478,3488,3496,3502,3508,3514,3520,3524,3528,3530,3532,3532,3532,3530,3528,3526,3522,3518,3512,3506,3498,3490,3482,3474,3464,3452,3440,3428,3414,3400,3386,3370,3356,3340,3322,3304,3286,3270,3250,3230,3210,3192,3170,3148,3126,3106,3082,3058,3036,3012,2988,2964,2940,2918,2892,2866,2840,2814,2788,2762,2736,2712,2686,2660,2634,2608,2584,2558,2532,2506,2480,2454,2430,2404,2378,2352,2326,2302,2278,2254,2232,2208,2184,2160,2138,2116,2094,2072,2050,2030,2010,1990,1970,1950,1930,1910,1890,1870,1852,1834,1816,1798,1780,1764,1748,1732,1714,1698,1682,1666,1650,1636,1622,1608,1592,1578,1564,1550,1536,1522,1508,1494,1478,1464,1450,1438,1426,1414,1400,1388,1376,1364,1352,1340,1328,1316,1304,1294,1282,1270,1260,1248,1236,1224,1214,1202,1190,1178,1168,1156,1144,1132,1122,1110,1098,1086,1074,1062,1050,1036,1024,1014,1002,990,978,966,952,940,928,914,902,888,876,862,848,834,822,808,794,780,766,752,738,724,712,700,688,676,664,652,640,628,616,604,592,580,568,556,544,532,522,512,502,492,482,472,462,452,442,432,424,416,408,400,392,384,376,368,360,354,350,344,336,330,326,322,318,314,310,306,302,300,298,296,294,292,290,290,288,288,288,288,290,292,294,296,298,300,304,308,314,316,320,326,332,338,344,350,356,364,372,380,388,396,404,414,424,434,444,454,464,476,488,500,512,524,536,550,564,580,592,608,624,640,656,672,688,704,722,740,758,776,794,812,832,852,872,892,912,934,956,978,1000,1022,1044,1068,1092,1116,1140,1164,1186,1210,1236,1262,1288,1314,1340,1366,1392,1418,1444,1472,1500,1528,1556,1584,1612,1638,1666,1694,1722,1750,1778,1806,1832,1860,1888,1918,1946,1976,2004,2032,2062,2092,2120,2148,2176,2202,2230,2258,2284,2312,2340,2366,2394,2422,2448,2476,2500,2526,2550,2576,2600,2626,2648,2672,2698,2722,2746,2770,2794,2816,2838,2862,2882,2902,2922,2944,2964,2982,3002,3020,3036,3054,3070,3086,3102,3116,3130,3146,3158,3170,3182,3194,3204,3216,3226,3234,3242,3250,3258,3264,3270,3276,3282,3286,3290,3294,3298,3300,3302,3304,3302,3302,3302,3302,3300,3296,3294,3290,3286,3280,3276,3270,3262,3256,3246,3238,3230,3218,3208,3198,3186,3174,3162,3148,3136,3122,3106,3092,3078,3060,3044,3028,3010,2996,2978,2962,2944,2926,2910,2890,2870,2852,2832,2812,2794,2774,2754,2734,2716,2696,2676,2656,2634,2612,2590,2568,2546,2526,2504,2482,2460,2438,2416,2394,2372,2350,2330,2308,2286,2264,2244,2224,2204,2184,2164,2144,2124,2104,2084,2062,2042,2022,2002,1984,1966,1948,1932,1914,1896,1878,1860,1842,1824,1806,1790,1774,1758,1742,1728,1712,1696,1680,1664,1650,1636,1622,1608,1594,1580,1566,1552,1540,1528,1516,1504,1492,1480,1468,1456,1444,1432,1422,1412,1402,1392,1382,1372,1362,1352,1342,1334,1324,1316,1308,1300,1292,1284,1276,1268,1260,1252,1244,1236,1228,1220,1212,1204,1196,1188,1180,1172,1164,1156,1148,1142,1136,1130,1124,1118,1112,1106,1100,1094,1088,1082,1076,1070,1064,1058,1052,1046,1040,1034,1028,1022,1016,1010,1004,998,992,986,980,974,968,962,956,950,946,938,932,926,920,914,908,904,898,890,884,878,872,868,862,856,850,844,836,830,824,816,810,804,796,788,780,772,764,756,748,740,732,724,716,708,700,692,684,676,668,660,652,646,640,634,630,624,618,612,606,600,594,588,582,576,570,564,558,554,550,546,542,538,534,530,526,522,518,516,514,512,510,508,506,504,502,500,498,496,494,494,494,494,494,494,494,494,494,494,494,494,494,494,494,494,494,494,494,494,494,494
132,142,152,162,172,182,192,202,214,226,238,250,262,274,288,302,314,328,342,356,372,388,404,420,436,454,472,490,508,526,546,566,586,604,624,646,668,690,712,736,760,784,810,836,862,888,916,944,970,1000,1030,1060,1090,1122,1154,1186,1220,1254,1288,1320,1356,1392,1428,1464,1502,1538,1576,1614,1654,1694,1734,1772,1814,1856,1898,1938,1980,2024,2068,2112,2154,2198,2242,2286,2328,2372,2416,2460,2504,2548,2592,2636,2680,2722,2766,2810,2854,2896,2940,2982,3024,3066,3106,3148,3190,3230,3268,3308,3346,3382,3420,3456,3492,3528,3560,3594,3628,3658,3690,3718,3748,3776,3802,3828,3854,3876,3900,3922,3942,3962,3982,3998,4016,4030,4046,4062,4076,4088,4100,4110,4118,4126,4132,4136,4142,4144,4146,4146,4146,4146,4144,4140,4136,4130,4122,4114,4106,4096,4084,4072,4058,4044,4030,4014,3998,3980,3962,3944,3922,3902,3882,3860,3838,3816,3792,3768,3744,3720,3692,3666,3640,3614,3586,3562,3536,3512,3486,3462,3438,3412,3388,3362,3338,3312,3288,3262,3240,3216,3194,3170,3150,3128,3108,3086,3068,3048,3032,3014,2998,2982,2968,2954,2940,2930,2918,2908,2898,2892,2884,2878,2872,2870,2866,2864,2862,2862,2862,2864,2866,2870,2874,2880,2886,2894,2902,2912,2920,2932,2944,2956,2970,2984,3000,3014,3032,3050,3068,3086,3106,3126,3144,3166,3188,3208,3230,3250,3274,3296,3320,3342,3366,3388,3412,3434,3458,3480,3504,3528,3552,3574,3596,3618,3638,3660,3682,3702,3722,3742,3760,3778,3796,3814,3828,3844,3860,3874,3886,3900,3912,3922,3932,3942,3952,3958,3968,3974,3980,3984,3988,3992,3994,3996,3996,3996,3994,3994,3990,3986,3980,3976,3968,3960,3950,3942,3930,3918,3904,3890,3876,3860,3844,3826,3808,3790,3770,3748,3728,3706,3682,3660,3636,3610,3586,3558,3530,3504,3474,3444,3416,3386,3354,3324,3292,3260,3228,3194,3160,3128,3094,3060,3024,2990,2954,2918,2884,2848,2812,2778,2742,2708,2672,2636,2602,2566,2530,2496,2460,2424,2390,2358,2324,2290,2256,2224,2192,2162,2128,2098,2068,2038,2010,1982,1954,1928,1902,1876,1852,1828,1804,1782,1760,1738,1718,1700,1682,1664,1648,1632,1616,1602,1590,1578,1568,1558,1548,1540,1534,1528,1522,1518,1514,1512,1512,1510,1512,1512,1516,1520,1524,1530,1534,1542,1548,1558,1568,1578,1588,1602,1614,1628,1642,1656,1672,1688,1704,1724,1742,1760,1778,1798,1818,1838,1858,1878,1900,1922,1944,1966,1986,2008,2030,2052,2076,2100,2124,2148,2172,2194,2218,2242,2266,2290,2314,2338,2362,2384,2408,2432,2456,2480,2502,2526,2550,2572,2596,2618,2638,2660,2682,2702,2724,2746,2768,2788,2808,2828,2848,2868,2888,2906,2924,2942,2962,2980,2996,3012,3028,3044,3060,3074,3088,3104,3118,3130,3142,3154,3166,3178,3188,3198,3208,3218,3226,3234,3242,3248,3254,3260,3266,3270,3274,3278,3280,3282,3284,3286,3286,3284,3284,3282,3280,3278,3276,3270,3266,3262,3256,3250,3244,3238,3230,3222,3214,3204,3194,3184,3172,3160,3148,3136,3122,3108,3094,3082,3066,3050,3034,3018,3000,2982,2964,2946,2926,2906,2886,2868,2848,2828,2806,2784,2762,2740,2718,2696,2674,2650,2626,2602,2578,2554,2530,2506,2484,2460,2436,2412,2388,2364,2340,2318,2294,2270,2248,2224,2200,2176,2154,2130,2106,2084,2060,2036,2014,1990,1968,1948,1926,1904,1884,1862,1840,1820,1802,1782,1762,1744,1726,1708,1692,1674,1658,1642,1628,1612,1598,1584,1572,1558,1544,1532,1522,1510,1498,1490,1480,1470,1460,1452,1444,1436,1428,1422,1416,1410,1404,1398,1394,1390,1386,1382,1378,1376,1374,1372,1370,1368,1366,1366,1366,1366,1366,1366,1364,1364,1364,1364,1364,1362,1364,1366,1368,1370,1370,1372,1374,1376,1376,1378,1380,1382,1384,1384,1386,1388,1390,1390,1388,1388,1388,1388,1388,1386,1386,1386,1386,1386,1382,1380,1378,1376,1374,1372,1368,1366,1364,1360,1356,1350,1346,1342,1338,1334,1330,1324,1320,1314,1308,1302,1296,1290,1286,1280,1274,1268,1262,1256,1250,1244,1238,1232,1226,1222,1216,1210,1204,1198,1192,1186,1178,1172,1164,1158,1150,1144,1136,1130,1124,1118,1112,1106,1100,1094,1088,1082,1076,1070,1066,1060,1054,1048,1042,1036,1030,1026,1020,1014,1008,1004,998,992,988,984,982,978,974,970,968,964,960,956,952,950,946,942,938,938,936,934,932,930,928,926,924,922,920,918,916,914,912,912,912,912,912,912,912,912,912,912,912,912,912,912,912,912,912,912,912,912,912,912,912,912,912,912,912,912,912
2778,2854,2928,3006,3084,3160,3238,3314,3394,3474,3552,3632,3710,3790,3870,3948,4028,4106,4184,4262,4338,4416,4494,4572,4650,4724,4800,4876,4950,5024,5098,5170,5242,5314,5386,5456,5526,5592,5660,5728,5794,5860,5924,5988,6050,6112,6174,6234,6294,6352,6410,6468,6524,6580,6634,6686,6740,6792,6844,6894,6944,6992,7040,7088,7134,7180,7224,7268,7310,7352,7394,7434,7476,7516,7554,7592,7628,7666,7702,7736,7770,7806,7838,7870,7902,7934,7964,7994,8024,8052,8082,8110,8134,8160,8186,8212,8236,8260,8284,8306,8328,8350,8370,8390,8410,8428,8448,8466,8484,8500,8516,8530,8546,8560,8574,8584,8596,8608,8616,8626,8634,8640,8646,8650,8654,8656,8660,8662,8664,8662,8662,8660,8658,8654,8650,8642,8636,8628,8618,8608,8596,8584,8572,8558,8542,8526,8508,8492,8472,8450,8430,8406,8382,8358,8332,8304,8278,8248,8216,8186,8152,8118,8084,8048,8012,7974,7934,7896,7854,7814,7770,7726,7684,7638,7592,7544,7498,7448,7398,7348,7298,7246,7192,7138,7086,7030,6974,6916,6860,6802,6742,6684,6624,6562,6502,6440,6376,6314,6250,6184,6118,6054,5986,5920,5852,5784,5718,5648,5578,5510,5440,5370,5302,5232,5162,5094,5024,4954,4884,4814,4746,4676,4606,4536,4466,4396,4328,4258,4188,4120,4052,3984,3916,3850,3784,3718,3652,3586,3522,3458,3394,3330,3270,3208,3146,3086,3026,2966,2908,2850,2794,2738,2682,2630,2576,2524,2472,2422,2372,2324,2276,2228,2182,2136,2092,2048,2006,1964,1926,1886,1848,1810,1774,1738,1706,1674,1642,1612,1582,1554,1528,1502,1476,1452,1430,1408,1388,1368,1350,1334,1318,1304,1290,1278,1266,1256,1246,1238,1232,1226,1222,1218,1218,1216,1216,1216,1218,1222,1226,1232,1238,1246,1254,1264,1276,1288,1302,1316,1332,1346,1364,1382,1402,1422,1444,1466,1490,1514,1538,1564,1592,1620,1648,1678,1708,1738,1770,1802,1836,1870,1906,1940,1976,2014,2052,2090,2128,2166,2206,2246,2284,2326,2368,2408,2450,2490,2532,2574,2618,2662,2704,2748,2790,2834,2878,2920,2964,3008,3050,3094,3138,3182,3226,3268,3310,3352,3394,3436,3476,3516,3556,3596,3636,3672,3710,3748,3786,3822,3856,3892,3926,3960,3992,4024,4056,4086,4116,4144,4172,4200,4226,4252,4276,4300,4322,4344,4364,4386,4404,4422,4438,4454,4468,4482,4494,4504,4516,4526,4534,4542,4550,4556,4560,4564,4566,4568,4568,4568,4564,4562,4558,4554,4550,4544,4536,4528,4520,4510,4500,4488,4474,4460,4446,4432,4416,4400,4384,4366,4348,4326,4306,4286,4264,4242,4220,4198,4174,4150,4126,4100,4074,4048,4020,3992,3966,3936,3906,3878,3848,3816,3786,3754,3722,3690,3658,3624,3590,3556,3522,3488,3456,3420,3384,3348,3314,3278,3242,3206,3172,3136,3100,3064,3030,2992,2954,2918,2880,2842,2806,2768,2730,2694,2656,2620,2582,2544,2508,2472,2438,2402,2366,2330,2294,2258,2224,2188,2154,2120,2086,2052,2020,1986,1954,1922,1890,1858,1828,1796,1766,1736,1706,1676,1646,1618,1590,1562,1534,1506,1480,1454,1428,1402,1378,1352,1328,1304,1280,1256,1234,1212,1190,1168,1148,1128,1108,1088,1068,1050,1032,1014,996,978,962,946,930,912,898,882,868,854,840,826,814,802,790,778,766,754,744,734,724,714,704,694,684,676,670,662,654,646,638,630,622,614,608,602,596,590,584,578,572,566,560,554,548,544,540,536,532,528,524,520,516,512,508,504,500,496,492,488,484,482,480,478,476,474,474,472,470,468,466,464,462,460,458,456,454,452,450,448,446,444,442,440,438,436,434,432,430,428,426,424,422,420,418,416,414,412,410,408,406,404,402,400,398,396,396,394,392,390,390,388,386,386,384,384,382,380,380,378,378,376,376,374,374,372,372,370,370,368,368,368,366,366,364,364,364,362,362,362,360,360,360,358,358,358,356,356,354,354,352,352,350,350,348,346,344,342,340,338,336,334,332,330,328,326,324,322,320,318,316,314,314,312,310,308,306,304,302,300,298,296,294,292,290,288,286,284,282,280,278,276,274,272,270,268,266,264,262,260,258,256,254,252,250,248,246,244,242,240,238,236,234,232,230,228,226,224,222,220,218,216,214,212,212,212,212,212,212,212,212,212,212,212,212,212,212,212,212,212,212,212,212,212,212,212,212,212,212,212,212,212,212,212,212,212,212,212,212,212,212,212,212,212,212,212,212
3430,3520,3610,3702,3792,3882,3976,4068,4160,4254,4346,4438,4532,4624,4716,4806,4896,4986,5076,5168,5256,5344,5432,5520,5608,5696,5782,5866,5952,6036,6120,6202,6282,6362,6442,6520,6596,6672,6746,6818,6890,6960,7030,7098,7164,7230,7294,7356,7418,7476,7536,7592,7648,7702,7756,7806,7856,7906,7952,7998,8042,8086,8128,8168,8208,8248,8284,8320,8354,8386,8418,8448,8478,8506,8532,8558,8582,8604,8624,8644,8664,8682,8700,8714,8728,8742,8752,8764,8772,8782,8788,8796,8804,8812,8816,8822,8824,8828,8830,8830,8830,8830,8830,8828,8824,8820,8816,8812,8806,8800,8792,8784,8776,8766,8754,8744,8730,8718,8704,8688,8674,8656,8640,8622,8602,8584,8564,8542,8522,8500,8476,8452,8430,8404,8378,8354,8328,8300,8274,8246,8216,8188,8158,8126,8096,8064,8032,8000,7966,7930,7894,7858,7820,7784,7746,7706,7666,7624,7584,7542,7498,7454,7410,7364,7316,7268,7218,7170,7120,7068,7016,6964,6910,6854,6800,6744,6686,6628,6570,6510,6450,6388,6326,6264,6200,6138,6074,6008,5942,5876,5810,5742,5674,5608,5540,5472,5402,5332,5262,5194,5124,5054,4984,4914,4844,4774,4706,4636,4566,4496,4424,4352,4282,4212,4142,4072,4002,3932,3862,3792,3722,3652,3582,3512,3444,3376,3308,3240,3172,3106,3040,2974,2908,2844,2782,2718,2656,2594,2532,2472,2412,2352,2294,2238,2182,2126,2072,2018,1964,1912,1860,1810,1760,1712,1664,1618,1572,1528,1486,1444,1402,1362,1324,1286,1250,1214,1180,1148,1116,1084,1056,1028,1002,974,950,928,906,888,868,852,836,822,808,798,786,778,768,760,756,750,748,746,744,746,748,752,756,760,768,776,784,796,808,820,836,850,866,886,904,924,946,968,992,1016,1044,1070,1098,1128,1158,1188,1220,1252,1288,1324,1360,1396,1436,1474,1514,1554,1596,1638,1680,1722,1766,1812,1858,1904,1952,2000,2048,2096,2146,2196,2246,2296,2346,2396,2448,2500,2552,2602,2654,2706,2758,2808,2860,2912,2962,3014,3064,3116,3166,3218,3268,3320,3372,3422,3474,3522,3572,3620,3668,3718,3764,3812,3858,3904,3950,3994,4038,4082,4124,4168,4208,4248,4290,4328,4368,4406,4444,4482,4516,4552,4586,4620,4654,4684,4716,4746,4774,4802,4830,4856,4882,4906,4930,4954,4976,4998,5018,5038,5056,5074,5090,5102,5116,5128,5138,5148,5158,5166,5172,5178,5184,5188,5190,5190,5190,5190,5188,5184,5180,5174,5166,5158,5148,5138,5126,5112,5098,5084,5066,5050,5032,5012,4990,4968,4946,4920,4896,4870,4844,4818,4790,4762,4734,4702,4670,4640,4606,4572,4540,4504,4468,4434,4396,4360,4322,4284,4246,4206,4168,4128,4086,4046,4004,3964,3922,3880,3840,3798,3756,3712,3670,3626,3582,3540,3496,3454,3410,3366,3324,3280,3238,3194,3152,3108,3066,3026,2984,2944,2902,2860,2818,2776,2738,2698,2658,2618,2578,2540,2502,2464,2426,2388,2352,2316,2280,2244,2208,2172,2138,2104,2070,2036,2002,1970,1938,1906,1874,1844,1814,1784,1754,1726,1698,1670,1642,1614,1588,1562,1536,1510,1486,1462,1438,1414,1392,1370,1348,1326,1304,1284,1264,1244,1224,1206,1188,1170,1152,1134,1116,1100,1084,1068,1052,1036,1022,1008,992,978,964,952,940,928,916,904,894,884,874,864,856,846,836,826,816,808,800,792,784,776,768,760,752,746,740,734,728,722,716,710,706,700,694,690,686,682,678,674,670,666,662,658,654,650,646,642,638,636,634,632,630,628,626,624,622,620,618,616,614,612,610,608,606,604,602,600,598,594,592,592,588,586,584,582,580,578,576,574,572,570,570,568,566,566,564,564,564,564,564,564,564,564,564,564,564,564,564,564,564,564,564,564,564,564,564,564,564,564,564,564,564,562,560,558,556,554,552,550,548,546,544,542,540,538,536,534,532,530,528,526,524,522,520,518,516,514,512,510,506,502,498,494,490,486,482,478,474,470,466,462,458,454,450,446,442,438,434,430,426,422,418,414,410,408,404,400,396,392,388,384,380,376,372,368,364,360,356,352,348,344,340,338,334,330,326,322,318,314,310,306,302,298,294,290,286,282,278,274,270,266,262,258,254,252,250,248,246,244,242,240,238,236,234,232,230,228,226,224,222,220,218,216,214,212,210,210,210,210,210,210,210,210,210,210,210,210,210,210,210,210,210,210,210,210,210,210,210,210,210,210,210,210,210,210,210
108,114,120,126,132,138,144,150,156,162,168,174,180,188,196,204,212,220,228,236,242,250,258,266,276,286,296,306,316,326,336,348,360,372,384,396,408,420,434,450,464,478,492,506,522,538,554,572,590,608,626,644,664,684,704,724,746,770,792,814,838,862,888,914,940,966,994,1022,1050,1078,1110,1140,1170,1200,1234,1266,1298,1332,1368,1402,1436,1472,1508,1546,1582,1620,1658,1696,1736,1774,1814,1854,1894,1936,1976,2018,2060,2102,2144,2186,2228,2270,2312,2354,2398,2442,2486,2530,2574,2618,2662,2704,2748,2792,2836,2878,2922,2966,3010,3054,3094,3136,3178,3220,3260,3302,3344,3384,3422,3462,3502,3542,3578,3616,3654,3688,3724,3760,3796,3828,3862,3896,3928,3960,3992,4020,4050,4078,4106,4134,4160,4186,4210,4232,4256,4278,4300,4320,4340,4360,4378,4396,4410,4426,4442,4456,4470,4482,4492,4504,4514,4524,4530,4538,4546,4550,4556,4560,4564,4568,4568,4570,4570,4570,4570,4566,4564,4560,4556,4552,4544,4538,4530,4520,4512,4500,4490,4478,4464,4452,4436,4422,4404,4388,4368,4350,4330,4310,4288,4266,4242,4220,4194,4170,4142,4116,4090,4064,4038,4008,3980,3952,3922,3890,3860,3828,3794,3762,3728,3692,3658,3622,3586,3550,3512,3476,3436,3398,3358,3320,3280,3242,3200,3158,3118,3076,3036,2994,2952,2910,2870,2828,2786,2744,2700,2660,2616,2572,2530,2488,2446,2404,2362,2320,2278,2236,2194,2152,2110,2068,2028,1988,1948,1908,1868,1830,1792,1754,1716,1678,1642,1606,1570,1534,1500,1466,1432,1398,1366,1334,1302,1270,1240,1210,1180,1150,1122,1094,1068,1042,1016,992,968,944,922,900,878,858,836,818,800,782,766,750,736,722,708,694,682,672,662,656,648,640,634,630,626,622,620,618,620,620,622,624,628,632,638,644,650,658,666,676,686,700,712,726,740,756,772,790,808,828,848,870,892,916,942,966,992,1020,1048,1078,1108,1140,1172,1206,1240,1276,1312,1350,1388,1428,1468,1510,1552,1596,1642,1688,1736,1784,1832,1882,1930,1982,2034,2088,2142,2198,2252,2310,2368,2426,2484,2544,2604,2666,2728,2790,2852,2916,2980,3044,3110,3176,3242,3310,3378,3444,3512,3582,3650,3720,3790,3858,3928,3998,4066,4136,4206,4274,4346,4416,4484,4554,4622,4692,4762,4830,4900,4970,5038,5108,5176,5242,5310,5378,5444,5510,5576,5640,5706,5770,5832,5896,5958,6018,6080,6138,6198,6256,6314,6370,6426,6480,6536,6588,6642,6692,6742,6792,6840,6886,6934,6980,7026,7070,7112,7154,7196,7236,7274,7312,7348,7386,7420,7458,7492,7528,7560,7594,7626,7656,7686,7714,7744,7772,7798,7824,7848,7872,7894,7916,7936,7956,7974,7990,8008,8024,8038,8054,8066,8078,8088,8098,8110,8118,8126,8134,8140,8146,8150,8154,8158,8158,8160,8160,8160,8158,8154,8152,8148,8144,8138,8132,8124,8116,8108,8096,8086,8074,8062,8048,8032,8018,8002,7984,7966,7948,7928,7906,7884,7862,7838,7812,7788,7762,7736,7708,7680,7652,7622,7592,7562,7530,7498,7464,7430,7394,7358,7322,7286,7248,7210,7172,7132,7092,7050,7008,6966,6922,6878,6834,6786,6740,6692,6644,6598,6548,6500,6450,6400,6350,6298,6246,6194,6140,6086,6032,5976,5922,5864,5808,5750,5694,5634,5576,5516,5456,5398,5338,5276,5214,5154,5092,5030,4968,4906,4844,4782,4722,4660,4598,4534,4470,4406,4342,4278,4216,4152,4090,4028,3966,3904,3842,3780,3718,3658,3598,3538,3478,3418,3358,3300,3242,3184,3128,3072,3018,2962,2906,2852,2800,2746,2692,2642,2590,2538,2488,2440,2390,2342,2294,2248,2202,2156,2110,2066,2024,1980,1938,1896,1854,1816,1776,1736,1698,1660,1624,1590,1554,1520,1486,1452,1422,1390,1360,1330,1300,1272,1246,1218,1192,1166,1142,1118,1094,1072,1052,1030,1010,990,972,954,936,920,906,890,876,862,848,836,824,812,804,794,784,776,768,762,756,750,744,740,736,732,730,728,726,726,726,726,726,728,730,732,734,738,742,746,750,754,760,766,772,778,784,790,798,806,814,822,828,836,844,852,860,868,876,884,892,900,910,920,930,940,950,960,970,980,990,1000,1010,1018,1026,1032,1040,1048,1056,1064,1072,1080,1088,1096,1104,1112,1118,1124,1130,1136,1142,1148,1154,1160,1166,1170,1174,1178,1182,1184,1188,1192,1196,1200,1204,1206,1208,1210,1212,1214,1216,1218,1220,1222,1224,1226,1228,1230,1232,1234,1236,1238,1240,1242,1244,1246,1246,1248,1246,1246,1248,1248,1248,1248,1248,1248,1248,1250
278,284,290,296,302,308,314,318,322,326,330,334,338,342,346,350,354,358,362,366,370,374,376,378,380,382,384,386,388,390,392,394,394,396,398,398,398,398,398,398,398,398,398,398,398,398,398,398,396,394,394,392,390,388,386,384,382,380,378,376,374,372,368,364,360,356,352,348,344,340,336,332,328,324,320,316,312,308,304,300,296,292,288,284,280,276,272,268,264,258,254,250,244,240,234,230,224,220,214,208,204,198,194,190,186,182,178,174,170,166,162,158,154,150,146,142,138,134,130,126,122,118,114,112,110,108,106,104,102,100,96,94,94,94,94,96,96,96,96,96,100,102,104,106,108,112,116,120,124,128,134,142,148,154,160,168,176,186,194,204,214,224,234,246,260,272,284,298,312,326,342,360,376,394,412,430,450,470,492,514,536,558,582,606,632,658,684,710,738,766,798,828,858,890,922,956,990,1024,1060,1096,1132,1170,1208,1248,1288,1328,1370,1412,1456,1500,1544,1590,1636,1682,1730,1778,1828,1878,1926,1978,2030,2080,2134,2188,2242,2296,2352,2408,2462,2520,2576,2634,2690,2748,2806,2866,2924,2984,3042,3102,3162,3222,3284,3344,3404,3466,3526,3586,3646,3708,3768,3828,3890,3950,4010,4068,4128,4186,4244,4304,4362,4418,4476,4532,4588,4644,4698,4752,4806,4858,4910,4962,5014,5064,5114,5162,5210,5256,5304,5348,5394,5438,5482,5522,5564,5604,5644,5682,5718,5754,5790,5824,5858,5890,5920,5950,5980,6008,6036,6062,6086,6108,6130,6152,6172,6192,6210,6226,6242,6256,6270,6282,6290,6300,6308,6316,6322,6326,6330,6334,6334,6334,6332,6330,6326,6320,6314,6306,6298,6288,6276,6264,6250,6236,6220,6204,6186,6166,6146,6124,6100,6076,6052,6026,6000,5972,5944,5916,5886,5856,5826,5794,5762,5728,5696,5660,5626,5592,5554,5518,5480,5444,5406,5366,5328,5288,5248,5208,5166,5126,5084,5042,5000,4956,4914,4870,4828,4786,4740,4696,4652,4606,4562,4516,4472,4426,4382,4336,4292,4246,4200,4156,4110,4066,4020,3974,3928,3884,3838,3792,3746,3702,3656,3612,3568,3524,3480,3436,3392,3348,3304,3260,3218,3176,3134,3092,3050,3008,2966,2926,2886,2846,2804,2764,2724,2686,2648,2608,2570,2532,2494,2456,2418,2382,2346,2310,2274,2236,2202,2168,2134,2098,2064,2030,1998,1966,1932,1900,1868,1836,1804,1776,1746,1716,1688,1658,1630,1604,1576,1548,1522,1494,1468,1444,1418,1392,1368,1344,1320,1296,1272,1248,1224,1202,1182,1160,1138,1116,1096,1076,1056,1036,1016,996,980,962,944,926,908,890,874,858,842,826,810,796,782,768,754,740,726,714,702,690,678,668,658,648,636,628,618,608,600,590,584,576,568,560,552,548,542,536,528,524,520,516,512,508,504,502,500,498,496,494,492,492,492,492,492,492,492,492,492,494,496,498,500,502,504,506,508,510,514,518,522,526,532,536,540,544,548,552,556,560,564,568,572,576,580,584,588,592,596,600,604,608,612,616,620,624,628,630,634,638,642,644,646,648,650,652,654,656,658,660,662,664,666,668,670,670,670,670,670,670,670,670,670,670,670,670,670,670,670,670,670,670,670,668,666,664,662,660,658,656,654,652,650,648,646,644,642,640,638,636,634,632,630,630,628,626,624,622,620,618,616,614,612,610,608,606,604,602,600,600,600,600,600,600,600,600,598,598,598,598,598,598,598,598,598,598,598,598,598,598,598,598,598,598,596,596,596,598,600,600,600,602,602,604,604,606,608,608,610,610,610,610,610,610,610,610,610,610,610,610,610,610,610,610,610,610,610,610,610,610,610,610,610,610,608,606,604,602,600,598,596,594,592,590,588,586,584,582,580,578,576,574,572,570,568,566,564,562,560,558,556,554,552,550,548,546,542,540,536,532,528,524,520,516,512,508,504,500,496,492,488,484,482,480,478,476,474,472,470,468,466,464,462,460,458,456,454,452,450,448,446,444,442,440,438,438,438,438,438,438,438,438,438,438,438,438,438,438,438,438,438,438,438,438,438,436,436,436,436,436,436,436,436,436,436,436,436,436,436,436,436,436,436
152,158,164,170,176,182,188,194,198,204,210,216,222,228,236,244,252,260,268,276,284,292,300,308,316,324,334,344,354,364,372,382,392,402,412,424,436,448,460,472,482,496,510,524,538,552,568,584,598,616,632,650,668,686,704,722,742,762,784,806,828,850,872,896,920,944,968,994,1020,1046,1072,1102,1130,1158,1186,1216,1246,1276,1306,1338,1370,1402,1434,1468,1502,1536,1570,1604,1638,1674,1710,1746,1782,1818,1854,1890,1928,1966,2004,2042,2080,2116,2154,2192,2230,2268,2304,2342,2380,2418,2456,2492,2530,2568,2606,2642,2680,2718,2754,2790,2826,2860,2896,2930,2966,3002,3034,3068,3102,3134,3168,3198,3230,3262,3292,3322,3352,3380,3410,3438,3464,3492,3516,3542,3566,3590,3612,3634,3654,3674,3692,3712,3730,3748,3764,3782,3796,3810,3822,3834,3844,3854,3864,3872,3878,3884,3888,3892,3896,3898,3898,3898,3896,3896,3892,3888,3882,3876,3868,3860,3850,3840,3828,3816,3802,3790,3774,3758,3742,3724,3706,3686,3666,3644,3622,3600,3578,3554,3530,3504,3478,3452,3424,3396,3370,3342,3312,3282,3252,3222,3190,3158,3126,3094,3062,3028,2994,2960,2926,2894,2860,2826,2792,2758,2724,2688,2652,2616,2580,2544,2510,2474,2438,2402,2366,2330,2296,2260,2224,2188,2152,2120,2086,2052,2018,1984,1950,1918,1884,1850,1818,1786,1754,1724,1692,1660,1630,1600,1570,1540,1512,1482,1454,1426,1398,1370,1342,1318,1292,1266,1240,1216,1192,1168,1144,1120,1100,1078,1056,1034,1012,992,972,952,932,914,896,878,860,842,826,810,794,778,762,748,734,720,706,692,678,666,654,642,630,618,606,596,586,576,566,556,546,536,526,518,510,502,494,486,478,470,462,454,446,440,434,428,422,416,410,404,398,392,386,380,374,368,362,356,352,348,344,340,336,332,328,324,320,316,312,308,304,300,296,292,288,284,280,276,274,270,266,262,258,254,250,246,242,238,234,230,226,222,218,214,210,206,202,198,194,190,186,182,178,174,170,166,162,158,154,150,146,142,140,138,136,134,132,130,128,126,124,122,120,118,116,114,112,110,108,106,104,102,100,98,96,94,92,90,88,86,84,82,80,78,76,74,74,74,74,74,74,74,74,74,74,74,74,74,74,74,74,74,74,74,76,76,76,76,76,76,76,76,76,76,76,76,76,76,76,76,76,76,76,76,76,76,76,76,76,76,76,76,76,76,76,76,76,76,76,78,78,78,80,82,84,86,88,90,92,94,96,98,100,102,104,106,108,110,112,114,116,118,120,122,124,126,128,130,132,134,136,138,140,142,144,146,148,150,152,154,156,156,158,160,162,164,166,168,170,172,174,176,178,180,182,184,186,188,190,192,194,196,198,200,202,204,206,208,210,212,214,216,218,220,222,224,226,228,230,232,234,236,238,240,242,244,246,248,250,252,254,256,258,260,262,264,266,268,270,272,274,276,278,280,282,284,286,288,290,292,294,296,298,300,302,302,302,302,302,302,302,302,302,302,302,302,302,302,302,302,302,302,302,302,302,302,302,302,302,302,302,302,302,302,302,302,302,302,302,302,302,302,300,300,298,296,294,292,290,288,286,284,282,280,278,276,274,272,270,268,266,264,262,260,258,256,254,252,250,248,248,246,244,242,240,238,236,234,232,230,228,226,224,222,220,218,218,218,218,218,218,218,218,218,218,218,218,218,218,218,218,218,218,218,218,218,218,218,218,218,218,218,218,218,218,218,218,218,218,218,218,218,218,218,218,218,218,218,218,218,220,220,220,220,220,220,220,220,220,220,220,220,220,222,222,222,222,222,222,222,222,222,224,224,224,224,224,224,224,226,226,226,228,228,228,230,230,230,232,234,234,236,236,238,240,240,242,244,244,246,248,250,250,252,254,256,258,260,260,262,264,266,268,270,270,272,274,276,278,278,280,282,284,286,286,288,290,292,292,294,296,296,298,298,300,302,302,304,304,304,306,306,306,306,308,308,308,308,306,306,306,306,306,306,308
220,230,240,250,262,274,286,298,310,322,334,346,356,372,386,398,412,426,440,454,468,484,500,516,532,548,564,580,598,616,634,652,670,688,708,728,746,768,786,806,826,848,870,892,914,936,960,984,1008,1032,1056,1080,1104,1130,1154,1180,1206,1232,1258,1284,1312,1340,1366,1394,1422,1450,1478,1506,1534,1560,1588,1616,1644,1672,1700,1728,1754,1782,1810,1838,1866,1894,1922,1948,1976,2004,2030,2056,2082,2108,2132,2158,2182,2206,2230,2254,2274,2296,2318,2336,2356,2376,2394,2410,2428,2444,2458,2474,2488,2502,2512,2524,2536,2546,2554,2562,2570,2578,2582,2590,2594,2598,2600,2602,2606,2606,2606,2604,2602,2602,2598,2594,2588,2582,2578,2570,2562,2554,2546,2536,2526,2514,2504,2492,2478,2464,2452,2436,2420,2406,2390,2372,2354,2338,2320,2302,2282,2262,2242,2222,2204,2184,2162,2140,2118,2096,2074,2052,2030,2010,1988,1966,1944,1922,1900,1878,1854,1832,1810,1786,1762,1738,1716,1694,1672,1650,1628,1608,1586,1564,1542,1520,1498,1476,1454,1432,1414,1394,1374,1354,1334,1314,1294,1274,1256,1238,1220,1204,1186,1168,1150,1134,1118,1102,1086,1070,1056,1042,1028,1014,1000,988,978,966,954,942,932,922,912,902,892,884,876,868,860,854,848,842,836,832,828,824,820,818,816,814,812,812,812,812,812,814,816,818,820,822,826,830,834,838,844,850,856,862,868,876,884,890,898,906,914,924,934,944,954,964,972,982,994,1006,1018,1030,1042,1052,1064,1076,1088,1100,1112,1126,1138,1152,1166,1180,1194,1208,1222,1234,1248,1262,1276,1290,1302,1316,1330,1344,1356,1370,1384,1398,1410,1424,1438,1450,1460,1472,1484,1496,1506,1518,1530,1542,1552,1562,1572,1582,1594,1604,1612,1620,1628,1636,1646,1652,1658,1664,1670,1676,1682,1686,1690,1694,1698,1700,1702,1704,1706,1708,1708,1708,1708,1708,1708,1708,1706,1704,1702,1700,1698,1694,1690,1686,1682,1678,1672,1666,1660,1654,1648,1642,1634,1624,1616,1608,1600,1592,1582,1572,1562,1552,1542,1532,1522,1512,1500,1488,1476,1464,1452,1440,1428,1418,1406,1394,1382,1368,1354,1340,1326,1312,1298,1284,1270,1256,1242,1228,1216,1202,1188,1174,1160,1146,1132,1118,1104,1090,1078,1064,1050,1036,1022,1008,994,982,968,954,940,926,914,902,890,878,866,856,844,832,820,808,798,788,778,768,758,748,738,728,718,710,702,694,686,678,670,666,660,654,648,642,636,630,626,622,618,614,610,606,604,602,600,598,596,594,594,594,594,594,594,594,594,596,598,600,602,604,606,608,610,612,614,618,622,626,628,632,636,640,644,648,652,656,660,664,668,670,674,680,686,692,698,704,710,716,722,728,734,740,746,752,758,764,770,776,782,788,792,798,804,810,816,822,828,834,840,846,852,858,864,870,876,882,888,894,900,906,912,918,924,930,936,942,948,954,958,964,970,976,982,988,994,1000,1006,1012,1018,1024,1030,1036,1042,1048,1054,1062,1068,1076,1084,1092,1100,1108,1116,1124,1132,1140,1150,1160,1170,1180,1190,1200,1210,1220,1230,1242,1254,1264,1276,1288,1300,1312,1326,1340,1354,1368,1382,1396,1412,1428,1444,1460,1474,1490,1506,1524,1542,1558,1576,1594,1612,1628,1646,1666,1688,1708,1728,1748,1768,1788,1808,1828,1848,1868,1892,1914,1936,1958,1980,2002,2024,2046,2068,2090,2112,2134,2156,2176,2198,2218,2238,2258,2278,2298,2318,2338,2356,2372,2390,2408,2426,2442,2458,2474,2490,2504,2518,2532,2546,2558,2568,2580,2590,2600,2610,2618,2626,2634,2640,2646,2652,2656,2660,2664,2666,2668,2668,2668,2666,2664,2662,2658,2654,2648,2642,2636,2630,2622,2614,2606,2594,2584,2574,2564,2552,2540,2526,2512,2498,2482,2466,2450,2432,2414,2396,2378,2360,2340,2320,2300,2278,2256,2234,2212,2188,2166,2142,2118,2094,2070,2044,2018,1992,1968,1942,1916,1890,1864,1838,1812,1786,1762,1736,1710,1684,1658,1632,1606,1580,1556,1530,1504,1478,1452,1426,1400,1378,1354,1330,1306,1282,1258,1234,1210,1188,1168,1146,1124,1102,1080,1060,1040,1020,1000,980,962,944,926,908,892,876,862,846,830,816,802,790,776,762,750,738,726,714,704,694,684,674,666,658,650,642,634,628,622,616,610,604,600,596,592,590,586,584,582,580,578,576,574,572,572,572,572,572,572,572,572,572,572,572,572,572,572,572
244,248,252,256,260,264,268,272,276,280,284,288,292,294,296,298,300,302,304,306,308,310,312,314,316,318,320,322,322,322,322,322,322,322,322,322,322,322,322,322,322,322,322,320,318,316,314,312,310,308,306,304,302,300,298,296,294,292,290,288,286,284,282,280,278,276,274,272,270,268,264,262,260,258,256,252,250,248,244,242,238,236,232,230,226,222,218,214,210,206,202,198,194,190,188,184,180,176,172,168,164,160,156,152,148,144,140,136,132,128,124,120,118,116,114,112,110,108,106,104,102,100,98,96,94,92,90,88,86,84,82,80,78,76,74,74,74,74,74,74,74,74,74,74,74,74,74,74,74,76,78,80,82,84,86,88,90,92,96,100,104,108,112,116,120,124,130,136,142,148,154,160,168,176,184,192,200,208,216,226,236,246,256,266,276,288,300,312,324,338,352,366,380,394,410,426,442,458,472,490,508,526,544,562,582,602,622,642,662,682,704,726,748,772,796,820,844,868,892,918,944,970,996,1024,1052,1078,1106,1134,1162,1190,1220,1250,1278,1308,1338,1368,1398,1428,1458,1486,1516,1548,1580,1612,1644,1674,1706,1738,1770,1802,1834,1864,1894,1924,1954,1984,2014,2044,2072,2102,2132,2160,2188,2216,2244,2270,2296,2322,2348,2374,2400,2424,2448,2470,2494,2516,2538,2560,2582,2602,2622,2642,2660,2678,2696,2712,2728,2744,2758,2772,2786,2798,2810,2822,2832,2842,2852,2862,2870,2878,2884,2890,2896,2900,2904,2908,2910,2912,2914,2914,2914,2914,2912,2910,2908,2906,2902,2898,2894,2890,2884,2880,2874,2868,2862,2854,2846,2838,2830,2822,2814,2804,2794,2784,2774,2764,2754,2744,2734,2724,2714,2704,2694,2684,2676,2666,2654,2644,2634,2622,2608,2598,2586,2574,2562,2550,2540,2528,2514,2502,2490,2478,2466,2456,2446,2434,2424,2414,2404,2394,2384,2372,2364,2354,2344,2334,2326,2316,2306,2296,2288,2278,2268,2258,2250,2240,2230,2220,2212,2202,2192,2182,2174,2164,2152,2140,2130,2118,2106,2094,2084,2072,2060,2048,2036,2024,2012,2002,1988,1974,1960,1946,1932,1918,1904,1890,1876,1862,1848,1834,1820,1808,1794,1780,1766,1752,1738,1724,1710,1694,1680,1666,1650,1636,1620,1606,1590,1576,1558,1542,1526,1510,1494,1478,1462,1446,1428,1414,1400,1386,1372,1358,1344,1330,1316,1302,1288,1274,1260,1246,1232,1220,1206,1192,1180,1168,1156,1144,1132,1120,1108,1096,1084,1072,1060,1048,1036,1026,1018,1008,998,988,978,968,958,948,938,928,918,908,900,892,884,876,868,860,852,844,836,828,822,814,806,800,794,788,782,776,770,764,758,752,746,740,734,728,722,718,714,710,706,702,698,694,690,686,682,678,674,670,666,662,658,656,654,652,650,648,646,644,642,640,638,636,634,632,630,630,630,630,630,630,630,630,630,628,628,630,630,630,630,632,634,636,638,640,642,644,646,648,650,652,654,656,658,662,666,670,674,678,682,686,690,694,698,702,706,710,714,718,722,726,732,738,744,750,754,760,766,772,778,784,790,796,802,808,814,820,826,834,842,850,858,866,874,882,890,898,904,912,920,928,936,946,956,966,976,986,996,1006,1016,1026,1034,1044,1054,1066,1078,1090,1102,1114,1126,1138,1150,1162,1174,1186,1200,1214,1226,1240,1254,1268,1282,1296,1310,1324,1338,1354,1372,1388,1404,1420,1436,1452,1468,1484,1500,1518,1534,1550,1566,1584,1602,1620,1638,1656,1676,1694,1712,1730,1748,1766,1784,1804,1822,1840,1858,1876,1894,1912,1930,1950,1968,1986,2004,2022,2040,2058,2076,2094,2114,2132,2150,2168,2186,2204,2222,2240,2256,2274,2292,2308,2324,2340,2356,2372,2388,2404,2418,2434,2448,2462,2474,2488,2502,2516,2528,2540,2552,2562,2574,2586,2598,2606,2616,2626,2636,2644,2652,2660,2666,2674,2682,2686,2692,2696,2702,2708,2712,2714,2718,2722,2726,2726,2728,2730,2732,2734,2732,2732,2732,2732,2732,2732,2730,2728,2728,2726,2724,2722,2720,2720,2718,2716,2714,2710,2708,2704,2700,2696,2692,2688,2684,2680,2678,2674,2670,2666,2662,2658,2654,2650,2646,2642,2638,2634,2630,2628,2626,2624,2622,2620,2618,2616,2614,2612,2610,2608,2606,2604,2604,2604,2604,2604,2604,2604,2604,2604,2604,2604,2604,2604,2604,2604,2604,2604,2604
164,166,168,170,170,170,170,170,170,170,170,170,170,170,170,170,170,170,170,168,166,164,162,160,158,156,154,152,150,148,146,146,144,142,140,138,136,134,132,130,128,124,122,120,116,112,108,104,100,96,92,88,84,84,82,80,78,76,74,74,72,70,70,68,68,68,68,68,68,68,68,70,70,72,74,76,80,82,86,90,96,102,108,116,124,132,140,150,160,172,184,196,210,224,238,254,270,288,306,326,346,368,390,414,436,462,488,516,544,574,606,636,670,704,740,776,814,852,892,934,978,1022,1066,1114,1162,1212,1262,1314,1368,1420,1476,1534,1592,1650,1712,1774,1836,1902,1968,2034,2104,2174,2244,2316,2390,2464,2540,2616,2694,2774,2852,2934,3014,3098,3182,3264,3350,3434,3518,3606,3692,3780,3866,3954,4044,4132,4220,4310,4398,4486,4576,4664,4752,4842,4932,5022,5110,5200,5288,5376,5462,5550,5636,5722,5808,5890,5974,6056,6138,6220,6300,6380,6458,6536,6612,6686,6760,6832,6902,6972,7040,7108,7174,7238,7302,7362,7422,7482,7540,7594,7648,7700,7750,7800,7846,7892,7938,7980,8020,8060,8096,8134,8168,8200,8230,8260,8288,8314,8338,8362,8386,8410,8432,8452,8472,8490,8506,8520,8534,8544,8554,8566,8574,8580,8586,8590,8592,8594,8594,8594,8592,8588,8584,8578,8572,8564,8556,8546,8534,8522,8510,8494,8478,8462,8442,8424,8404,8384,8362,8340,8316,8292,8266,8240,8212,8186,8156,8126,8096,8064,8032,8000,7968,7934,7900,7866,7832,7796,7760,7722,7684,7646,7608,7568,7528,7488,7448,7406,7362,7320,7276,7230,7186,7138,7092,7046,6996,6948,6900,6848,6798,6744,6692,6638,6584,6528,6474,6416,6360,6302,6244,6186,6124,6064,6004,5940,5878,5816,5754,5688,5624,5560,5492,5426,5360,5294,5226,5158,5090,5022,4954,4886,4820,4752,4682,4612,4542,4472,4404,4334,4266,4196,4126,4058,3990,3922,3856,3788,3720,3654,3588,3524,3458,3394,3328,3266,3202,3140,3080,3018,2958,2898,2840,2780,2722,2664,2606,2552,2496,2442,2388,2334,2282,2230,2178,2128,2080,2030,1982,1934,1890,1844,1798,1754,1710,1670,1628,1586,1546,1506,1468,1430,1392,1356,1320,1284,1252,1218,1184,1152,1120,1090,1060,1030,1000,972,944,916,890,864,838,814,790,766,744,722,700,676,658,636,616,596,578,560,542,524,506,490,474,458,442,428,414,398,386,370,356,344,332,320,308,296,284,274,264,254,244,236,226,216,206,198,190,182,174,166,158,150,142,134,128,122,116,110,104,98,92,86,80,74,70,66,62,58,54,50,46,42,38,36,32,28,24,20,18,16,14,12,10,6,6,4,2,0,2,4,6,6,10,12,14,16,18,20,22,22,22,22,22,22,22,22,22,22,22,22,22,22,22,22,22,22,22,22,20,18,16,14,12,10,6,6,4,2,0,2,4,6,12,16,20,24,28,32,36,38,44,50,56,62,68,74,80,88,96,104,112,120,128,138,148,158,168,178,188,200,212,224,236,248,262,276,290,306,322,338,354,370,388,406,424,442,462,482,502,524,546,568,590,614,638,662,688,714,742,770,798,826,854,884,914,944,974,1006,1038,1070,1104,1138,1172,1206,1242,1278,1314,1350,1386,1424,1462,1500,1538,1576,1614,1654,1694,1734,1774,1814,1854,1894,1934,1974,2014,2054,2094,2134,2174,2214,2254,2294,2334,2374,2414,2454,2494,2534,2572,2610,2648,2686,2724,2760,2796,2832,2868,2904,2938,2970,3004,3036,3068,3100,3130,3160,3190,3216,3244,3272,3296,3322,3344,3368,3388,3410,3428,3448,3464,3482,3496,3512,3524,3538,3550,3560,3570,3578,3586,3592,3598,3600,3604,3608,3610,3612,3612,3610,3610,3606,3604,3598,3592,3586,3578,3568,3558,3548,3536,3522,3508,3494,3478,3464,3446,3428,3410,3390,3370,3350,3330,3308,3286,3264,3240,3216,3192,3168,3144,3120,3094,3068,3042,3016,2990,2964,2938,2912,2884,2854,2826,2798,2770,2742,2714,2686,2658,2630,2604,2576,2548,2522,2496,2470,2446,2420,2394,2370,2344,2320,2298,2274,2250,2228,2204,2182,2162,2140,2118,2098,2080,2060,2040,2022,2004,1986,1970,1952,1936,1920,1904,1890,1876,1862,1848,1836,1824,1812,1802,1792,1782,1772,1762,1754,1746,1738,1732,1728,1722,1716,1712,1708,1704,1700,1696,1694,1692,1690,1688,1686,1686,1686,1686,1686,1686,1686,1686,1686,1686,1686,1686
64,64,66,68,70,70,72,74,76,76,78,80,82,84,86,88,90,92,94,96,98,100,102,104,106,108,110,112,114,116,118,120,122,126,130,134,138,142,146,150,154,160,166,172,178,184,190,198,206,214,222,232,242,252,262,274,286,298,312,326,340,354,370,388,406,424,442,462,482,502,524,546,570,594,620,646,672,700,726,756,786,818,850,884,916,952,988,1026,1066,1104,1146,1188,1232,1276,1320,1366,1414,1464,1512,1564,1616,1670,1722,1778,1836,1894,1952,2012,2074,2134,2198,2262,2326,2392,2460,2526,2596,2666,2734,2806,2878,2950,3024,3096,3172,3246,3322,3398,3474,3552,3628,3706,3784,3860,3938,4014,4092,4168,4244,4322,4398,4476,4552,4628,4706,4782,4860,4936,5012,5086,5162,5238,5312,5386,5458,5532,5606,5678,5750,5822,5892,5964,6034,6102,6172,6240,6306,6374,6442,6506,6572,6638,6700,6764,6828,6890,6952,7014,7074,7134,7194,7252,7312,7370,7428,7482,7538,7594,7648,7702,7756,7808,7860,7912,7962,8012,8060,8106,8152,8198,8244,8288,8332,8374,8416,8456,8496,8534,8572,8608,8642,8676,8710,8740,8772,8802,8828,8856,8880,8906,8928,8950,8972,8992,9010,9030,9050,9066,9084,9100,9114,9128,9142,9154,9166,9176,9184,9192,9198,9204,9208,9212,9214,9216,9216,9216,9214,9210,9206,9200,9194,9186,9178,9168,9158,9146,9132,9118,9102,9086,9066,9048,9028,9008,8986,8960,8936,8910,8882,8854,8824,8794,8762,8728,8694,8658,8620,8582,8544,8504,8462,8420,8376,8332,8284,8238,8190,8142,8092,8042,7990,7934,7880,7826,7768,7712,7654,7594,7534,7474,7410,7348,7284,7218,7154,7086,7020,6952,6884,6814,6746,6674,6604,6534,6460,6388,6314,6242,6166,6092,6018,5942,5866,5790,5712,5636,5560,5484,5408,5330,5254,5178,5102,5026,4950,4874,4798,4724,4648,4572,4496,4420,4346,4270,4194,4122,4048,3974,3902,3828,3754,3684,3612,3542,3470,3400,3332,3262,3196,3128,3062,2996,2930,2866,2800,2738,2674,2612,2550,2490,2430,2372,2312,2256,2198,2144,2088,2034,1980,1926,1874,1824,1772,1722,1672,1626,1578,1532,1486,1442,1398,1354,1312,1270,1230,1190,1150,1112,1074,1038,1002,966,932,898,864,834,802,770,740,710,680,654,626,600,574,548,524,500,476,452,430,408,386,366,346,326,308,290,272,254,238,222,206,190,176,162,148,136,126,114,104,94,84,74,66,60,52,48,44,40,42,42,42,46,48,50,56,58,62,64,68,70,74,78,78,80,82,84,86,88,90,92,92,90,90,90,90,90,90,90,90,88,86,84,82,80,78,76,74,72,70,66,62,58,54,50,46,42,38,36,30,26,20,16,12,10,12,16,20,26,30,38,44,52,60,68,76,84,92,100,108,116,126,136,146,156,166,176,186,196,206,216,228,238,250,262,274,286,298,310,322,334,348,362,376,390,404,418,432,444,458,472,488,504,520,536,552,568,584,600,618,634,652,670,688,706,724,742,760,780,798,818,838,858,878,898,918,938,960,982,1002,1026,1048,1070,1092,1114,1136,1160,1184,1208,1232,1256,1280,1304,1330,1354,1378,1402,1426,1450,1474,1500,1526,1552,1578,1604,1630,1656,1682,1706,1732,1758,1784,1810,1836,1862,1888,1912,1938,1964,1990,2016,2042,2068,2092,2118,2142,2166,2190,2214,2238,2262,2286,2308,2332,2354,2376,2398,2420,2442,2464,2484,2502,2522,2542,2562,2580,2598,2616,2634,2650,2666,2682,2696,2710,2724,2738,2752,2764,2776,2788,2798,2808,2818,2828,2836,2844,2852,2858,2864,2870,2876,2880,2882,2886,2890,2892,2894,2894,2894,2894,2894,2894,2892,2890,2888,2884,2880,2876,2872,2866,2860,2854,2848,2842,2834,2826,2818,2808,2798,2788,2778,2766,2756,2744,2732,2720,2708,2694,2680,2666,2654,2638,2622,2606,2592,2576,2558,2542,2524,2506,2488,2470,2452,2434,2414,2394,2374,2356,2336,2316,2296,2276,2256,2236,2216,2196,2176,2156,2136,2116,2096,2076,2056,2036,2016,1996,1974,1954,1934,1914,1894,1874,1854,1834,1814,1796,1776,1758,1740,1722,1704,1686,1668,1652,1636,1620,1602,1586,1570,1554,1540,1526,1512,1498,1484,1472,1460,1448,1436,1424,1414,1402,1392,1382,1372,1362,1352,1344,1336,1328,1320,1312,1304,1298,1292,1286,1280,1274,1270,1266,1264,1260,1256,1252,1250,1248,1246,1244,1242,1240,1238,1238,1238,1238,1238,1238,1238,1238,1238,1238,1238,1238,1238,1238,1238,1240
166,168,170,172,174,176,178,180,182,184,186,186,186,186,186,186,186,186,186,186,186,186,186,186,186,184,182,180,178,176,174,172,170,168,166,164,162,160,158,156,154,152,150,148,146,144,142,140,136,134,130,128,124,120,116,112,110,108,106,104,102,100,98,96,94,92,90,88,86,84,84,84,84,84,84,84,84,86,88,90,92,94,96,100,104,108,112,118,124,130,136,144,152,160,168,178,188,198,210,222,236,250,264,280,296,312,332,350,370,390,412,434,458,482,508,534,562,590,622,652,684,716,750,784,820,856,894,934,974,1016,1058,1102,1146,1192,1240,1288,1336,1386,1438,1492,1546,1602,1658,1716,1776,1836,1898,1960,2022,2088,2154,2222,2290,2360,2430,2502,2572,2646,2720,2796,2872,2948,3026,3104,3182,3262,3342,3422,3504,3584,3666,3748,3830,3912,3994,4076,4160,4244,4326,4408,4490,4572,4652,4734,4816,4898,4976,5056,5136,5214,5292,5368,5446,5522,5596,5672,5744,5818,5888,5958,6028,6096,6164,6230,6298,6362,6426,6490,6552,6612,6672,6732,6790,6846,6904,6958,7012,7064,7114,7166,7214,7262,7308,7354,7398,7442,7484,7526,7566,7602,7640,7676,7712,7746,7782,7818,7852,7886,7918,7950,7980,8010,8036,8064,8090,8116,8140,8164,8186,8208,8226,8246,8264,8282,8300,8316,8332,8346,8360,8372,8382,8394,8404,8414,8422,8430,8438,8442,8448,8452,8456,8458,8462,8462,8464,8462,8460,8458,8454,8450,8446,8440,8434,8428,8418,8410,8400,8390,8378,8366,8352,8338,8324,8308,8290,8274,8256,8236,8216,8196,8174,8152,8128,8106,8080,8056,8028,8002,7974,7946,7916,7888,7856,7826,7794,7762,7728,7694,7658,7622,7586,7548,7512,7472,7434,7394,7354,7314,7272,7230,7188,7142,7098,7052,7006,6960,6910,6862,6814,6762,6712,6662,6608,6556,6504,6450,6396,6342,6286,6230,6174,6116,6058,6000,5944,5884,5824,5766,5706,5646,5588,5526,5464,5402,5342,5280,5220,5158,5098,5036,4976,4914,4852,4790,4726,4664,4602,4540,4476,4414,4352,4288,4228,4168,4106,4046,3986,3926,3864,3804,3746,3686,3628,3568,3510,3450,3394,3336,3280,3222,3168,3112,3056,3000,2946,2892,2838,2786,2732,2680,2628,2578,2528,2478,2428,2380,2332,2284,2236,2190,2144,2098,2052,2008,1966,1922,1878,1836,1796,1754,1714,1674,1634,1596,1558,1520,1482,1446,1412,1376,1340,1306,1272,1238,1206,1174,1142,1110,1080,1050,1020,992,964,936,908,880,854,828,802,778,754,730,706,684,662,640,618,598,578,558,538,520,502,484,466,448,432,416,400,384,370,356,342,328,314,300,288,274,262,250,238,226,216,206,196,186,178,168,160,154,146,138,130,124,116,108,104,98,92,86,80,74,72,66,62,58,54,52,48,48,44,42,40,38,40,38,38,40,38,38,40,38,40,40,40,42,42,44,44,46,48,46,46,46,46,46,46,44,44,44,44,44,44,42,40,38,36,34,32,30,28,26,20,16,14,10,6,4,4,8,12,18,24,30,36,42,48,58,66,74,82,90,98,108,118,128,138,148,158,170,182,194,206,220,234,248,264,276,294,310,326,342,360,378,396,414,434,454,474,494,514,536,558,580,602,626,650,674,698,724,750,776,802,830,858,886,914,942,972,1002,1032,1062,1094,1126,1158,1188,1220,1254,1286,1320,1354,1388,1422,1458,1494,1530,1566,1602,1638,1674,1710,1746,1784,1822,1860,1898,1936,1974,2012,2050,2088,2126,2164,2202,2240,2278,2316,2352,2390,2428,2466,2504,2540,2578,2614,2650,2686,2720,2756,2792,2828,2862,2896,2928,2962,2996,3028,3060,3092,3122,3152,3182,3212,3242,3270,3298,3324,3350,3376,3402,3426,3450,3472,3494,3516,3536,3556,3576,3592,3610,3628,3644,3658,3672,3686,3700,3710,3722,3730,3740,3748,3756,3762,3768,3774,3778,3782,3784,3786,3788,3788,3788,3786,3786,3784,3780,3776,3770,3766,3760,3754,3748,3744,3736,3728,3722,3712,3704,3694,3686,3674,3664,3652,3640,3630,3618,3606,3592,3578,3566,3552,3538,3524,3512,3498,3484,3472,3458,3444,3430,3418,3402,3386,3372,3358,3346,3332,3318,3304,3290,3276,3262,3248,3234,3220,3208,3196,3184,3172,3160,3150,3140,3130,3120,3110,3100,3090,3082,3074,3066,3058,3050,3044,3038,3032,3026,3022,3018,3014,3010,3006,3004,3002,3000,2998,2996,2996,2996,2996,2996,2996,2996,2996,2996,2996,2996,2996
222,226,230,234,238,242,246,250,254,258,262,266,270,274,276,278,280,282,284,286,288,290,292,294,296,298,300,302,302,302,302,302,302,302,302,302,302,302,300,300,300,300,300,300,298,296,294,292,290,288,286,284,282,280,278,276,274,272,270,268,266,264,262,260,258,256,254,252,250,248,246,244,242,240,238,236,234,230,228,226,224,220,218,216,212,210,208,206,204,202,200,198,196,196,194,192,190,188,186,184,182,180,178,176,172,170,168,166,164,162,160,158,156,156,154,152,150,148,146,144,142,140,138,136,134,132,128,126,124,122,120,118,118,116,114,112,110,108,108,108,106,106,106,106,106,106,106,106,106,106,106,106,106,106,106,106,106,106,106,106,106,106,106,106,106,106,106,106,106,106,106,106,106,106,106,106,106,106,106,106,106,106,106,106,106,106,106,106,106,106,106,108,108,108,108,108,110,110,110,110,110,110,110,110,112,112,112,112,112,112,114,114,114,114,114,114,116,116,116,116,116,118,118,118,118,118,118,120,120,122,124,126,128,130,132,134,136,138,140,142,144,146,148,150,152,154,156,158,160,162,164,166,168,170,172,174,176,178,180,182,184,186,188,190,192,194,196,196,198,200,202,204,206,208,210,212,214,218,222,226,230,234,238,242,246,250,254,258,262,266,270,274,278,282,286,290,294,298,302,306,310,314,318,322,326,330,334,338,342,346,350,354,358,362,366,370,374,378,382,386,390,392,394,394,396,398,400,402,404,406,408,410,412,414,416,418,420,422,424,426,426,426,426,426,426,426,426,426,426,426,426,426,426,426,426,426,426,426,426,426,426,426,426,426,426,426,426,426,426,426,426,424,424,424,422,422,420,420,418,416,414,412,410,408,406,404,402,400,398,396,394,394,392,390,388,388,388,388,388,388,388,388,388,388,388,388,388,388,388,388,388,388,388,388,390,392,394,396,398,400,402,404,408,410,412,414,416,418,420,422,426,430,434,438,442,446,450,454,458,462,466,470,474,478,482,486,492,498,504,510,514,520,526,532,538,544,550,556,562,568,574,580,586,592,598,604,610,616,622,628,634,640,646,652,658,666,674,682,690,698,706,712,720,728,736,744,752,760,768,776,784,792,800,808,816,824,830,836,842,848,854,860,866,870,876,882,888,894,900,906,910,916,920,924,928,932,936,940,944,948,952,956,960,964,966,968,970,972,974,976,978,980,982,984,986,986,986,986,986,986,986,986,986,986,986,986,984,982,980,978,976,974,972,970,968,966,964,962,960,958,956,954,952,950,948,946,944,944,942,940,938,936,934,932,928,926,924,920,918,916,912,908,906,902,900,896,892,888,884,880,876,872,868,864,860,856,852,848,844,840,836,832,828,824,820,816,812,808,804,800,796,792,788,784,782,778,774,770,766,764,760,756,754,750,748,746,742,740,738,736,734,732,730,728,726,724,722,720,718,716,714,712,710,708,706,704,702,700,698,694,690,686,682,678,674,672,668,664,660,656,652,648,644,640,636,632,628,624,620,616,612,608,604,600,596,592,588,584,580,576,572,568,564,560,556,552,548,544,540,536,532,528,524,520,516,514,512,510,508,506,504,502,500,498,496,494,494,492,490,490,490,490,490,490,490,490,490,490,490,492,494,496,498,500,502,504,506,512,514,518,524,528,532,536,540,544,550,556,562,568,574,580,586,592,598,604,612,622,628,638,646,654,662,670,678,686,694,702,710,718,726,734,742,750,758,766,776,786,796,806,816,826,836,846,856,866,878,888,898,908,918,926,934,942,950,958,966,974,982,990,998,1006,1012,1018,1024,1030,1036,1042,1048,1054,1058,1062,1066,1070,1074,1078,1082,1086,1090,1092,1094,1096,1098,1100,1100,1102,1104,1106,1108,1110,1112,1114,1116,1118,1118,1118,1120
212,216,220,224,228,232,236,238,242,246,250,254,258,262,266,268,270,272,274,276,278,280,282,284,286,288,290,292,294,296,298,300,302,304,306,306,306,306,306,306,306,306,306,306,306,306,306,306,306,306,306,306,306,306,306,306,306,304,302,300,298,296,294,292,290,288,286,284,282,280,278,276,274,272,270,268,266,264,262,260,258,256,254,252,250,248,246,244,242,240,238,236,236,234,232,230,228,226,224,222,220,218,216,214,212,210,208,206,204,202,200,198,196,194,192,190,188,186,184,182,180,178,176,174,172,170,168,166,164,162,160,158,156,156,154,152,150,148,146,144,142,142,140,138,138,136,134,134,132,132,130,130,128,128,126,126,124,124,122,122,120,120,120,118,118,118,116,116,116,114,114,114,114,112,112,112,112,110,110,110,108,108,108,108,106,106,106,104,104,104,104,102,102,102,102,100,100,100,100,98,98,98,98,96,96,96,94,94,94,92,92,92,90,90,90,88,88,86,86,86,84,84,82,82,80,80,80,78,76,76,74,74,74,74,74,74,74,74,74,74,74,74,74,74,74,74,74,74,74,74,74,74,74,74,74,74,74,74,74,74,74,74,74,74,74,74,74,74,74,74,74,74,74,74,74,74,74,74,74,74,74,74,74,74,74,74,74,74,74,74,74,74,74,74,74,74,74,74,74,74,74,74,74,74,74,74,74,74,74,74,74,74,74,74,74,76,76,76,76,76,76,78,78,78,78,78,78,80,80,80,80,82,82,82,82,84,84,84,86,86,86,88,88,88,90,90,90,92,92,92,94,94,96,96,98,98,98,100,100,102,102,104,104,106,106,108,108,110,110,112,112,114,114,116,116,118,118,120,120,122,122,122,124,124,126,126,126,128,128,130,130,132,132,134,134,136,136,138,138,140,140,142,142,144,144,146,146,148,148,150,152,152,154,154,156,156,156,158,160,160,162,164,164,166,168,170,170,172,174,176,176,178,180,182,182,184,186,188,190,192,194,196,198,200,202,204,206,208,210,212,214,216,218,220,222,224,226,228,230,232,234,236,236,236,236,236,236,236,236,236,236,236,236,236,236,236,236,236,236,236,236,236,236,236,236,236,236,236,236,236,236,236,236,236,236,236,236,236,236,236,234,234,234,234,232,232,232,230,230,230,228,228,226,226,226,224,224,222,222,220,220,218,218,216,216,214,214,212,210,210,208,208,206,204,206,204,202,202,200,200,198,196,196,194,192,192,190,188,186,186,184,182,180,178,178,176,174,172,170,168,166,164,162,160,158,156,154,154,152,150,148,146,144,142,140,138,136,134,132,130,128,126,124,122,120,118,116,114,112,110,108,106,104,102,100,98,96,96,96,96,96,96,96,96,96,96,96,96,96,96,96,96,96,96,96,96,96,96,96,96,96,96,96,96,96,96,96,96,96,96,96,96,96,96,96,96,96,96,96,96,96,96,96,96,96,96,96,96,96,96,96,96,96,96,96,96,98,98,98,98,98,98,98,98,100,100,100,100,100,100,100,100,100,100,100,100,100,100,100,100,100,100,100,100,100,100,100,100,100,100,100,100,100,100,100,100,100,100,100,100,100,100,100,100,100,100,100,100,100,100,100,100,100,102,102,102,102,102,102,102,102,102,104,104,104,104,104,104,104,106,106,106,106,106,106,106,108,108,108,108,108,110,110,110,110,110,110,112,112,112,112,112,112,114,114,114,114,114,114,116,116,116,116,116,116,116,116,116,116,116,116,116,116,116,116,116,116,116,116,116,116,116,116,116,118,118,118,118,118,118,118,118,118,118,118,118,118,118,118,118,118,118,118,118,118,118,118,118,118,118,118,118,118,118,118,118,118,118,118,118,118,118,118,118,118,118,118
